{"type": "FeatureCollection", "features": [{"type": "Feature", "properties": {"Codigo": "04", "Texto": "Almería", "Texto_Alt": "Almería", "Cod_CCAA": "01", "CCAA": "Andalucía"}, "geometry": {"type": "MultiPolygon", "coordinates": [[[[-2.19104266702894, 36.7200358672102], [-2.19128805622185, 36.72012766682571], [-2.191007156625761, 36.72021592580715], [-2.19104266702894, 36.7200358672102]]], [[[-2.190736548129599, 36.7203943876175], [-2.191146682955724, 36.72079380894076], [-2.190741404421992, 36.72099837988466], [-2.190736548129599, 36.7203943876175]]], [[[-2.193752074859074, 36.72222678920025], [-2.194000397051342, 36.72203914680803], [-2.19419820517865, 36.722401101083506], [-2.193752074859074, 36.72222678920025]]], [[[-2.174758302205816, 36.72236704186852], [-2.174937932025039, 36.72232320092158], [-2.175091426259272, 36.72263076889821], [-2.174758302205816, 36.72236704186852]]], [[[-2.048952114985628, 36.81191545722011], [-2.049598629800622, 36.81221807686827], [-2.049267959046265, 36.81266614809104], [-2.048952114985628, 36.81191545722011]]], [[[-1.651427802893821, 37.347304878790595], [-1.653066712654334, 37.34719740762808], [-1.652306766670063, 37.34802697566387], [-1.651427802893821, 37.347304878790595]]], [[[-1.647879133229742, 37.36009020687649], [-1.648930842136802, 37.359372134591354], [-1.64887423569752, 37.36001142674009], [-1.647879133229742, 37.36009020687649]]], [[[-2.181899523337353, 37.89881736810263], [-2.172003797151853, 37.888689569744145], [-2.163929338729533, 37.892715161190075], [-2.156758285445788, 37.89124885925024], [-2.15071393871723, 37.895675692712935], [-2.151685133422034, 37.897268998940014], [-2.136236455138057, 37.89753490082361], [-2.130020806871344, 37.899940512634544], [-2.123201615599579, 37.90044862861821], [-2.120088232691194, 37.89827125290193], [-2.118078112105822, 37.89420037366661], [-2.110193724621281, 37.89064389724426], [-2.106529080657385, 37.886154761678505], [-2.106305966988508, 37.884855189861945], [-2.108167027423897, 37.88423843077096], [-2.107827574739293, 37.88127068585407], [-2.103494375794889, 37.88132785394088], [-2.098399683068941, 37.87762068012966], [-2.085824144948634, 37.87481975486112], [-2.084570183948627, 37.87232246508533], [-2.081821209821781, 37.875779947646606], [-2.077389260874796, 37.87831387267895], [-2.073852554075348, 37.883792776633676], [-2.070420912434878, 37.88448676117971], [-2.062245962176715, 37.88346668658373], [-2.060470035080856, 37.882722517033656], [-2.059571476353294, 37.88005661520408], [-2.054785992731274, 37.880802433955125], [-2.049969481299412, 37.87952899307824], [-2.050097398700917, 37.878421473839644], [-2.045429786620617, 37.87620270104743], [-2.046263609155482, 37.87502874925231], [-2.044855292436786, 37.87402596899552], [-2.042449313950133, 37.873673006917855], [-2.038789652042769, 37.875301523775036], [-2.025456835036338, 37.86889218619771], [-2.02176676874988, 37.868510142130695], [-2.012898697283091, 37.873609494950706], [-2.004526823738204, 37.88061409164341], [-2.004715004620568, 37.87846163465116], [-2.003245503647911, 37.87697114760621], [-1.998878200163705, 37.87619515223011], [-1.994703833242954, 37.88047670503457], [-1.987973306587975, 37.87373172106508], [-1.982230616826838, 37.873781416848416], [-1.974504268153578, 37.86846910718525], [-1.977390966589828, 37.860328656038206], [-1.988559162663465, 37.85334097879661], [-1.995648241084293, 37.840233974887525], [-1.999515927658617, 37.82314271114481], [-1.996481321610831, 37.81900715505112], [-2.001715801178108, 37.80491067713808], [-2.003913879863649, 37.79179777716638], [-2.008840912821618, 37.77494948324567], [-2.006170217888707, 37.77002407509588], [-2.006078925699652, 37.76666158411429], [-2.004689703570606, 37.7661180688832], [-2.002540184216061, 37.747777048222076], [-1.995837156788559, 37.72804528570742], [-1.999259379593237, 37.723342728633604], [-2.002125779697352, 37.72197902661816], [-2.004081332120831, 37.7225363345928], [-2.007658210681506, 37.719790549237956], [-2.007863218805746, 37.712068331812056], [-2.012655491894645, 37.70059915302864], [-2.01042228908149, 37.69877788504221], [-2.011515141726921, 37.692496093654356], [-2.009776236898817, 37.686785375816946], [-2.011817574838657, 37.672246711201886], [-2.007873898876133, 37.669509757115314], [-2.002004864663477, 37.655607356131114], [-1.998806755352486, 37.654002982736436], [-1.995818543695878, 37.65029127168369], [-1.992772856030739, 37.64329833766592], [-1.987476458285834, 37.64519075422923], [-1.98307289161026, 37.638942925122514], [-1.981481051773941, 37.63599098119634], [-1.981718410926506, 37.62938652316028], [-1.978508124053532, 37.62547416167799], [-1.978800638866279, 37.622313157926314], [-1.976810085384379, 37.61872677504456], [-1.973099510559987, 37.61499022697631], [-1.970052075671625, 37.614134438814645], [-1.965147359560291, 37.6050424271523], [-1.959234155185107, 37.60337708065995], [-1.955281559850166, 37.60086360190495], [-1.954004393569694, 37.59741829207596], [-1.95517176775612, 37.596563404240044], [-1.955650912959004, 37.59145724886843], [-1.953833877159121, 37.59017932969513], [-1.953785754409309, 37.58795267412619], [-1.946886322921401, 37.580834081227195], [-1.941595184812509, 37.572990449821916], [-1.931968474410175, 37.56435030882825], [-1.871089510163134, 37.48981293776335], [-1.867108955663286, 37.48674640412894], [-1.864378649426405, 37.48628751480651], [-1.85869723824227, 37.479076240777694], [-1.845261324285623, 37.45482627282297], [-1.808945667690408, 37.43347390518895], [-1.811756514180743, 37.45155568614165], [-1.796302859230127, 37.45219238726705], [-1.779836176828512, 37.44697608322209], [-1.737075234732212, 37.44263299792805], [-1.705016413994076, 37.421023926648], [-1.665968455105417, 37.400859857209426], [-1.630079968089053, 37.37518545620327], [-1.63077401905405, 37.373661251107286], [-1.633174639988398, 37.3733105290307], [-1.635026468437554, 37.375197627703386], [-1.636957965774322, 37.37518383999923], [-1.644581433093072, 37.371413863648314], [-1.64931705213196, 37.36302265783131], [-1.650670792603851, 37.356791967816], [-1.653288781582437, 37.35435219274722], [-1.655257023607661, 37.35414926112904], [-1.657572479761507, 37.35726711469122], [-1.66178142463418, 37.358053865806035], [-1.66366026003404, 37.357164803894534], [-1.665653085355255, 37.358124697950174], [-1.66772607992576, 37.356471596089605], [-1.668194928638815, 37.35741423209425], [-1.670501982849784, 37.35720587489415], [-1.67707134006471, 37.35282700171241], [-1.683087487778173, 37.34646770856688], [-1.686843237979863, 37.34020013697654], [-1.688742222591587, 37.339410034078874], [-1.699287954445342, 37.32161702364432], [-1.699563209926451, 37.31874484961997], [-1.70566216613944, 37.30991554811724], [-1.707599316574279, 37.3042042127441], [-1.721226091986181, 37.29575353223753], [-1.723410774994222, 37.2913245237619], [-1.731056793619834, 37.285448908923875], [-1.730751536204829, 37.284147677203784], [-1.734645269430753, 37.28133216496714], [-1.73840627028531, 37.28037179499203], [-1.742086011335914, 37.276156664650955], [-1.744595790153649, 37.27512870298869], [-1.748577864602987, 37.26828462963176], [-1.758839483586868, 37.26287644955363], [-1.763846182737504, 37.254627420813264], [-1.77056816012587, 37.24829788157594], [-1.768594935145816, 37.247610369881826], [-1.770635335244499, 37.24763157710848], [-1.772759328071935, 37.24597709087334], [-1.773966356589983, 37.23968016281878], [-1.779312943209817, 37.237409895987355], [-1.783599801661971, 37.23372242808198], [-1.790436085178697, 37.23271085308365], [-1.794365866000405, 37.23086711687594], [-1.80314507881424, 37.221023244790835], [-1.816778426300664, 37.18670132277334], [-1.815168499784473, 37.18446788983728], [-1.816006680046832, 37.181294451769986], [-1.815664848623357, 37.18442777082923], [-1.817509741180254, 37.18532053520667], [-1.819477659811864, 37.18482640497769], [-1.82077990436016, 37.18222540018748], [-1.819682941023977, 37.181772825898975], [-1.821050407753479, 37.18076788180469], [-1.823585609792074, 37.170571666764346], [-1.82296511378095, 37.15176306616816], [-1.825405036008982, 37.14326937258132], [-1.827215225748115, 37.14125026919215], [-1.832992928245831, 37.11916070722057], [-1.842083076725577, 37.11208399219474], [-1.845149547813117, 37.107300587047504], [-1.848564837420489, 37.09729254489542], [-1.849982508296197, 37.091348302167106], [-1.849599233097106, 37.068323475160746], [-1.852129009311424, 37.0639222450453], [-1.85402201563493, 37.06294906355439], [-1.855093660853099, 37.058254213604556], [-1.85797285206856, 37.057506803854594], [-1.861825706559204, 37.05255928176234], [-1.863185047128596, 37.045117870604415], [-1.865868447832896, 37.04161917217961], [-1.874069233638677, 37.03833519556738], [-1.877134927683545, 37.03401959669547], [-1.879499706736372, 37.02535265583472], [-1.881580666668444, 37.02450695474168], [-1.880579999137442, 37.02221699275236], [-1.879282099740249, 37.02256530112104], [-1.877145396649825, 37.01421629424739], [-1.879949282095006, 37.01310705023926], [-1.883237882297834, 37.00882944672228], [-1.886149077791877, 37.00882079197647], [-1.888105665972923, 37.00721662984219], [-1.889523503935308, 36.99551188475227], [-1.895276306031667, 36.99479944060558], [-1.899201970772662, 36.991419625885065], [-1.901092325269478, 36.98577639705722], [-1.901105294247232, 36.97940364102977], [-1.897164297959188, 36.97922283626001], [-1.893750638794101, 36.97365648574768], [-1.897474252664873, 36.97876599067506], [-1.900957218650722, 36.9787622769563], [-1.900128865957554, 36.96839751771468], [-1.898433510556184, 36.969111907966855], [-1.898171507920386, 36.96780246000086], [-1.895936956735967, 36.96773662617213], [-1.895040792916976, 36.96523138580117], [-1.896033313626629, 36.96728682295371], [-1.899582037189636, 36.96736487516345], [-1.898364669062694, 36.95283198768601], [-1.895698356111693, 36.94847148818868], [-1.903101631981243, 36.944402695737224], [-1.904614605125462, 36.93912544221912], [-1.903631947917636, 36.93716932464109], [-1.906598756314283, 36.937007376024546], [-1.907029218218684, 36.93595671175402], [-1.913713789758618, 36.93651386606477], [-1.91425686536532, 36.93464385882957], [-1.916005787307182, 36.934046905237274], [-1.925247184232982, 36.93803402702243], [-1.928260807432354, 36.93773676855573], [-1.931601462310919, 36.938947713920044], [-1.940203373738844, 36.93650088058016], [-1.942532036923979, 36.93375428203541], [-1.946275966194811, 36.93258871897858], [-1.946614921212809, 36.929986631663695], [-1.954235344141049, 36.923662961557525], [-1.954843006820058, 36.92109029392643], [-1.953028638118199, 36.91994754560705], [-1.956260501625943, 36.917578229980556], [-1.95596456423203, 36.91540319525603], [-1.957987563963657, 36.915231665952746], [-1.958459511864504, 36.912720864714444], [-1.959637904786211, 36.91274019997994], [-1.959125391662079, 36.909148070986056], [-1.963687820904112, 36.907944044927774], [-1.965057896341113, 36.90623425221889], [-1.96712019826478, 36.89895971177581], [-1.973177576853168, 36.898372199981196], [-1.977943779934214, 36.902866322050954], [-1.980242319014621, 36.9030483029963], [-1.992036746842529, 36.89381925211381], [-1.993251314920753, 36.891918524583396], [-1.992319425102874, 36.889386676595485], [-1.995165843980104, 36.885408423855914], [-2.000939730434471, 36.884086948586635], [-2.00381776911143, 36.88108233013701], [-2.003768146175138, 36.874528520199], [-2.003085928717442, 36.87262982759976], [-2.001221678364523, 36.872767405649476], [-2.002149066724475, 36.87219828324794], [-2.001175036038313, 36.87031516189138], [-2.00259263684546, 36.870011544598384], [-2.00218719392012, 36.86753821486605], [-2.004729200697048, 36.86530596297195], [-2.003203854158089, 36.86354442594293], [-2.005243996440238, 36.86280430784579], [-2.006055654842168, 36.86076487392549], [-2.003746869577609, 36.858005214669234], [-2.000324224564733, 36.85810264595399], [-1.998709697775968, 36.855456886841715], [-1.99996751793845, 36.85189784499101], [-1.996822800894722, 36.85220488682953], [-1.99557971040791, 36.850337430002654], [-2.001383758696295, 36.84562678582721], [-1.999263646590871, 36.84134517555435], [-1.999934217390873, 36.839800366800766], [-2.002418077117801, 36.8385231820305], [-2.003206912921585, 36.836501564038834], [-2.009067888347799, 36.83421585991547], [-2.015278949816689, 36.83521393925855], [-2.016240993383676, 36.836276618575276], [-2.02501504627456, 36.83505080001658], [-2.025277011181067, 36.83119478484857], [-2.027243800630417, 36.831733750982195], [-2.03569217290827, 36.82780916776648], [-2.041293068093433, 36.82286955362918], [-2.042249216915512, 36.818117628250135], [-2.043789827627794, 36.81865285207811], [-2.049889676766155, 36.81679071317816], [-2.050944978036074, 36.81395059456612], [-2.049444522915321, 36.812892960223536], [-2.055515574760628, 36.81332891499979], [-2.05990815593861, 36.80983908702359], [-2.062646688946902, 36.80313595473126], [-2.062559790417857, 36.79830356421983], [-2.059865311689457, 36.79682199757717], [-2.062515351659057, 36.79550873284963], [-2.061631351029002, 36.787109336862805], [-2.063319962777631, 36.78649162865887], [-2.061608468243793, 36.78530625790424], [-2.063596909786441, 36.78030091893764], [-2.060242181900585, 36.77787660677782], [-2.061608079273278, 36.77797753623264], [-2.063642777764805, 36.77560473070506], [-2.070653382057416, 36.77501966901881], [-2.072343874878196, 36.7714271078605], [-2.074282809367187, 36.77138809883523], [-2.072852891759175, 36.770096909117036], [-2.074154025091443, 36.77091835409258], [-2.075144741984005, 36.768663442982565], [-2.078538334582299, 36.768779895597476], [-2.080914985769899, 36.76585955626329], [-2.0826590586058, 36.766179513054055], [-2.083390545961907, 36.76496819681458], [-2.090497270888176, 36.76374266275587], [-2.093775155087918, 36.765110829674455], [-2.099503799689679, 36.76290971058886], [-2.104426711177094, 36.76349675593168], [-2.106128204766867, 36.76266215955001], [-2.10966043166799, 36.75561227825501], [-2.109271059603029, 36.75343686581746], [-2.106643372412638, 36.75204698208848], [-2.114429373712342, 36.748111756749196], [-2.118650091905139, 36.74929694396246], [-2.121147800958748, 36.7463766740082], [-2.120473152705618, 36.73971897082448], [-2.119008646365942, 36.73850018617227], [-2.114878767611319, 36.73920877285433], [-2.114955869113849, 36.73737035717029], [-2.119390872332783, 36.736411629785586], [-2.121114106949054, 36.73360281908122], [-2.124370658855816, 36.73185098270066], [-2.130026212932735, 36.73186538455438], [-2.133524847333818, 36.72948404266214], [-2.141057848015214, 36.72884452867569], [-2.145225968949767, 36.72967678584533], [-2.146198027833921, 36.73089173857406], [-2.15015879334634, 36.73022593387144], [-2.151863027696066, 36.73106743182467], [-2.153703429574839, 36.7297103320806], [-2.156432958768987, 36.729991123013065], [-2.15971718866799, 36.72870725414707], [-2.161240575082975, 36.72661761270649], [-2.163713672094441, 36.72678822896361], [-2.167829919812918, 36.72205738975846], [-2.168025926818023, 36.723609279716655], [-2.174415596721611, 36.722995691236896], [-2.177245658175839, 36.724340439636904], [-2.180397126058912, 36.72390240391739], [-2.184040398203946, 36.71931196274389], [-2.187216522146645, 36.72182172371308], [-2.193304174858384, 36.721150990839334], [-2.193583726981569, 36.723334415765095], [-2.195805715226738, 36.726107931028736], [-2.20097252470367, 36.72679175694508], [-2.202842759633007, 36.728958796853014], [-2.202344596197289, 36.73056906002824], [-2.219751317932951, 36.75134586058876], [-2.250029021109476, 36.78502964722088], [-2.286903435201312, 36.8163115489428], [-2.293699643974866, 36.8210030839993], [-2.296097628353866, 36.82119758986425], [-2.307660324076143, 36.828406721616055], [-2.319843301112196, 36.83418161883519], [-2.330561045071522, 36.83717221067533], [-2.339040463125561, 36.83710421356866], [-2.352468579705548, 36.84066569394902], [-2.361969396610719, 36.84188904865921], [-2.368118807599959, 36.84146275998266], [-2.406278009279101, 36.825126467825925], [-2.411199635277325, 36.8193985256884], [-2.418653930065103, 36.81670550590321], [-2.425120880235928, 36.81103810771501], [-2.429866740069068, 36.81051167477396], [-2.441692900884393, 36.820007475694716], [-2.443083233331051, 36.82056611079604], [-2.444261630744357, 36.81969157369468], [-2.443437375267197, 36.821666845156784], [-2.455845368603811, 36.82936494308849], [-2.457243089693725, 36.82909109299701], [-2.457021511245732, 36.83020266483732], [-2.459831107281212, 36.828348472692284], [-2.457974480031776, 36.83069670708121], [-2.463107098730712, 36.83208529410513], [-2.467146483898492, 36.83022548166918], [-2.465166172109201, 36.83350681607359], [-2.475095235673209, 36.83703423494443], [-2.476558314589909, 36.83586905156941], [-2.478524665661423, 36.83688537602762], [-2.479110552279588, 36.835645556573816], [-2.468203703071552, 36.82746526217076], [-2.46408972270085, 36.82570860424479], [-2.468645012133015, 36.82713865188161], [-2.479466642661619, 36.83509758114866], [-2.483697536969883, 36.832988627853005], [-2.479756960195151, 36.83527915488279], [-2.482052083880818, 36.83585708499495], [-2.486237368925549, 36.83385602655021], [-2.491323972322323, 36.82781109769119], [-2.494471448092354, 36.828347391970695], [-2.502220965215084, 36.8247562981263], [-2.52385113332711, 36.82476395485418], [-2.530493668203363, 36.822203245062425], [-2.533116259251111, 36.818706892822256], [-2.538248718948277, 36.81916870386004], [-2.544739958666044, 36.81739986156219], [-2.553787527001305, 36.81751537786154], [-2.562203954289338, 36.8129222088797], [-2.557834015148075, 36.815520240960076], [-2.560015050996038, 36.81497847956003], [-2.562058270906444, 36.81597763617083], [-2.561866424897715, 36.81485011793837], [-2.562902862444966, 36.815331699806514], [-2.561572527577782, 36.81428112167425], [-2.565281345297451, 36.813690750012206], [-2.575578302207994, 36.80420631611629], [-2.598593243991712, 36.77636113367505], [-2.605699084975754, 36.76069256298772], [-2.60590804658557, 36.758581601107196], [-2.603749818064294, 36.757249232714145], [-2.606609346954818, 36.75727674868251], [-2.605181526913016, 36.756199239826316], [-2.606542741368068, 36.75620376254914], [-2.606302266858078, 36.75502204965], [-2.605199752831837, 36.75469385501346], [-2.602988245231105, 36.75747201518876], [-2.607481257159511, 36.751070734610536], [-2.613857006769379, 36.734705049894295], [-2.620275589848666, 36.72655833598198], [-2.650500355305519, 36.6997915692433], [-2.672552624701488, 36.694995531843965], [-2.682581141648936, 36.68995640959405], [-2.690781827741715, 36.688229213186446], [-2.700608583974633, 36.68272833707695], [-2.714221632230628, 36.68498864293973], [-2.724473968922652, 36.685112077713306], [-2.742532476787475, 36.683836574780045], [-2.75947812832215, 36.680329374770245], [-2.767967057738438, 36.682329622015885], [-2.771430411705029, 36.68069568093961], [-2.786270601758237, 36.693145995043174], [-2.788205185706406, 36.69387066320566], [-2.792225952391604, 36.69310252999238], [-2.797603644076449, 36.69566311274032], [-2.790847818168165, 36.69356885708698], [-2.789979626090466, 36.69586613499464], [-2.787694368601517, 36.696447992827245], [-2.791277026922701, 36.69631015116534], [-2.789021483008429, 36.69827136369373], [-2.791858278234017, 36.69661769218898], [-2.791517797876755, 36.69833890205337], [-2.795040542161714, 36.69549638102519], [-2.794296101099249, 36.69760459126068], [-2.796372556878506, 36.699789775822545], [-2.814493803981055, 36.70598587461305], [-2.833150700317938, 36.70400350901695], [-2.844990331370932, 36.69559078787299], [-2.848987578365433, 36.69519033876623], [-2.854700126055554, 36.699335418902756], [-2.857623593434742, 36.69850966322779], [-2.880603189206945, 36.7226412266889], [-2.898847165041968, 36.73856079482496], [-2.916130015388215, 36.74888767088008], [-2.923733833856775, 36.75147120484243], [-2.940056714845998, 36.75081384160451], [-2.954230514858519, 36.746664682699766], [-2.968538182712977, 36.73995361587511], [-2.977085075024654, 36.73813475656289], [-2.98244993697063, 36.739388900237834], [-2.991746447335716, 36.743898097002244], [-3.004951765555599, 36.742212303704356], [-3.007392482792655, 36.740859995860916], [-3.011100388722367, 36.74321265119173], [-3.013069321551947, 36.742851946769285], [-3.01248773067744, 36.743674108973806], [-3.015410300639652, 36.74502573378751], [-3.017297584694759, 36.74503434721547], [-3.019073854048819, 36.74299950057764], [-3.017607998439524, 36.745113162987515], [-3.021957886285332, 36.74725005789613], [-3.022564276949894, 36.745095448827094], [-3.020249997589037, 36.744816366581965], [-3.022029824271548, 36.74416697103278], [-3.018820973804754, 36.74160723078085], [-3.019731483718856, 36.740624494060505], [-3.029095503375863, 36.746689793261716], [-3.0344705782683, 36.747311619857584], [-3.061355314972344, 36.747174633161045], [-3.070976428870421, 36.74565445606032], [-3.090839873126619, 36.7480482512583], [-3.093897345789975, 36.7475050567984], [-3.109180962233739, 36.750404070611566], [-3.114648339919897, 36.75080471778787], [-3.1175595147527, 36.74987338604658], [-3.128696320097121, 36.750889753645644], [-3.132862303939582, 36.75659160878673], [-3.136845788743896, 36.766431335223835], [-3.135947145574729, 36.777763911632476], [-3.13400344103154, 36.78131788486068], [-3.13999473415773, 36.785079228807426], [-3.14019023361467, 36.787783414168516], [-3.138175484010639, 36.78926415564172], [-3.135776561790484, 36.78902347807186], [-3.129810414305735, 36.79355548687898], [-3.117072971025176, 36.79800373092264], [-3.107956659112775, 36.80369149923998], [-3.092684603986739, 36.80977102966416], [-3.086277858007946, 36.815022325095214], [-3.077447661310162, 36.8196528172027], [-3.073954240731012, 36.824676210922014], [-3.042807687910003, 36.83187556572029], [-3.037381640811709, 36.83539302721419], [-3.02900750980055, 36.84443687768696], [-3.03207649437425, 36.86094194707759], [-3.035757425692582, 36.86360032518476], [-3.043382495605827, 36.87658798174147], [-3.043271736026244, 36.87912112289693], [-3.050467480403892, 36.88349951415852], [-3.056640736273978, 36.88505636861422], [-3.065270840428743, 36.89873619293091], [-3.067281075998517, 36.90002416061929], [-3.06971646622595, 36.89963516296393], [-3.070514681339644, 36.90117620271893], [-3.068105866871572, 36.90620762301629], [-3.068967388059982, 36.91564531892976], [-3.07193462944463, 36.919285460170045], [-3.068698983131169, 36.916745230098115], [-3.066292741438081, 36.91241959090847], [-3.057187673738103, 36.91154077792447], [-3.048063674043492, 36.91606987508073], [-3.04588788076349, 36.91986578279649], [-3.043620670428651, 36.92113764072936], [-3.031316719069899, 36.92458485310205], [-3.031306717227539, 36.92765879356746], [-3.029499139789275, 36.92824514197913], [-3.031846643340828, 36.93011959461073], [-3.031375986319073, 36.93240036604269], [-3.028389612615543, 36.93408675978057], [-3.030265320081588, 36.935068892245404], [-3.032210964985747, 36.94228900220616], [-3.029337855364817, 36.94752708580632], [-3.022185271443326, 36.95408198662289], [-3.017220537989514, 36.95395651975082], [-3.014176978433265, 36.95637274024107], [-3.011761865876723, 36.95572392182113], [-3.006639906586997, 36.95733778394887], [-2.995968671104893, 36.95664357498411], [-2.990498171773114, 36.958184611960064], [-2.984767980272499, 36.96443086865733], [-2.986148977426729, 36.968235163221046], [-2.985013478161502, 36.97191286796185], [-2.978417935954388, 36.973849809916416], [-2.976214393715284, 36.97812218199297], [-2.978381983580123, 36.981385851003566], [-2.976829536665706, 36.98699249194091], [-2.980108059567593, 36.99687290879253], [-2.979579227648106, 36.999126375967855], [-2.982736260594342, 37.0036070686257], [-2.982510913713797, 37.00596875675276], [-2.989097322749378, 37.00730378883612], [-2.993334171989735, 37.01347000960722], [-2.998943561644225, 37.01221730121116], [-2.999066938960282, 37.02133075362307], [-3.005711221958052, 37.023340911219016], [-3.005981681333887, 37.034590759647244], [-3.016228550879161, 37.05221288894958], [-3.015373998820696, 37.053691286118564], [-3.017444795213689, 37.05975767358109], [-3.016556983930184, 37.063787105171905], [-3.017626901688073, 37.07007893611867], [-3.023964615730512, 37.08457276318106], [-3.024438635146374, 37.08939526271407], [-3.022144030686905, 37.0925326508071], [-3.021976927874355, 37.098914686757006], [-3.025815644679101, 37.10270891965992], [-3.025591367691984, 37.105305068176186], [-3.02957839275688, 37.11325470678768], [-3.026394095043399, 37.11657261310807], [-3.022082083763252, 37.11333739290316], [-3.01768086258886, 37.112391546778206], [-3.015013394404412, 37.113284285140146], [-3.013594624889066, 37.10966978007849], [-3.011208359032967, 37.1086153370917], [-3.0039371768327, 37.09711357259008], [-3.000257384578123, 37.09497723324031], [-2.997050151977164, 37.09580645520289], [-2.985279886135463, 37.092902845261115], [-2.981138823355533, 37.09296529677549], [-2.969738234016171, 37.096568421821715], [-2.948964624798961, 37.09655196563629], [-2.950009224438896, 37.099482023854044], [-2.948327731838953, 37.106151836229245], [-2.945085674249333, 37.10710577481813], [-2.942876096229781, 37.11177405657959], [-2.943669986853727, 37.118697349579605], [-2.946719170761961, 37.12056473717798], [-2.946988156002449, 37.12220546212397], [-2.943903550624242, 37.122438374006954], [-2.941729182072263, 37.12465477399199], [-2.940902573009071, 37.1306578050449], [-2.937015076786139, 37.134667004915734], [-2.933749370148316, 37.13530517908735], [-2.930581431654489, 37.13980141382747], [-2.931422199963173, 37.143777158590446], [-2.928429864141059, 37.15248297694097], [-2.92914672333104, 37.15656683107639], [-2.917825580995451, 37.15895714966692], [-2.914695119316914, 37.15849511962555], [-2.911006320553363, 37.16350423916866], [-2.89530041058608, 37.167051722580844], [-2.889248284447155, 37.17702477600526], [-2.888812733586724, 37.1820722946021], [-2.882844028598332, 37.187817408674924], [-2.880986144605846, 37.187103436613285], [-2.879197237752376, 37.19255513163502], [-2.880272022582517, 37.20395003979981], [-2.872829841576355, 37.219888072940286], [-2.875235608958967, 37.223703614989226], [-2.87496343290259, 37.2314554128157], [-2.866521647072424, 37.243047152704094], [-2.869426126761458, 37.24555631403998], [-2.863898580815844, 37.2470373191394], [-2.859111270918896, 37.25048403021122], [-2.859792581078109, 37.25396428695937], [-2.856088832551588, 37.262450972693365], [-2.855670946162886, 37.268625035987775], [-2.85114455014354, 37.27611900975075], [-2.8453853718053, 37.27922141572347], [-2.840105555163945, 37.27949373768286], [-2.83471723012109, 37.27780967890775], [-2.829432356862979, 37.28033506211303], [-2.825409936379308, 37.2783009885707], [-2.819363670849308, 37.278327929794834], [-2.817110916203961, 37.272348122579345], [-2.81488117280297, 37.27089339872408], [-2.808344699317379, 37.26875563802758], [-2.802165395988748, 37.268186499860676], [-2.794847201356401, 37.263432581038046], [-2.779003858133824, 37.26265572625238], [-2.777037402857766, 37.26022723892398], [-2.779256976431423, 37.25711259891473], [-2.774745193306804, 37.25366068108644], [-2.777193342306247, 37.25326873211703], [-2.77857366662235, 37.25170287292524], [-2.778209573149463, 37.24899798796663], [-2.77208274760313, 37.23910690016022], [-2.767453770266579, 37.23756545467858], [-2.762090039299571, 37.2331017968115], [-2.764709991995378, 37.2316648116637], [-2.759032807384699, 37.2267136226401], [-2.752919318226985, 37.227854720064485], [-2.746214343252017, 37.22719151870956], [-2.739986433880016, 37.228755408803664], [-2.739866965133757, 37.230702133900145], [-2.736502079997019, 37.23229018457127], [-2.733023373822193, 37.237321205004584], [-2.730401187914536, 37.23285330856558], [-2.725323135580962, 37.23113796291283], [-2.719997906407015, 37.232288239148936], [-2.718526795653311, 37.23379911699419], [-2.716562482859183, 37.231522873197484], [-2.714251197583216, 37.231589433752845], [-2.710687693140567, 37.22894863667456], [-2.709855781322231, 37.22543113024953], [-2.706746059946969, 37.22507188020497], [-2.703814597561773, 37.222369375042874], [-2.699405768555293, 37.22274582994744], [-2.694161223365229, 37.22075828113311], [-2.692732737671789, 37.21723011566735], [-2.69009037470454, 37.21843106557653], [-2.676474158988904, 37.21593376312871], [-2.67251139562322, 37.21748227587947], [-2.669108736328771, 37.2172023449352], [-2.664612936928034, 37.21182634315237], [-2.660115366947831, 37.21199380486168], [-2.657626768607862, 37.228924000237974], [-2.65991273666417, 37.231968351666254], [-2.662833799253347, 37.231679255112496], [-2.663787146230051, 37.232763645954], [-2.664344400845243, 37.23674041923821], [-2.666288903092405, 37.23808902020733], [-2.666294163626652, 37.24709408215834], [-2.667512474984651, 37.24952223562405], [-2.663980432238199, 37.262780897956155], [-2.661707425074742, 37.26667745882722], [-2.664320395165916, 37.27256199926503], [-2.66323161638025, 37.27641689668098], [-2.665100762551509, 37.27969427773829], [-2.664271162098374, 37.28360399514216], [-2.665651091155826, 37.2853295591771], [-2.662151307809484, 37.29345020986341], [-2.663030630911856, 37.296138819892654], [-2.659034825713429, 37.29901185472819], [-2.659825739320479, 37.30125856262281], [-2.657204401422536, 37.30203522412174], [-2.65503330543316, 37.30551731467673], [-2.656027919217422, 37.307629439792905], [-2.651744828299525, 37.30898699316934], [-2.65087167482647, 37.312328626027146], [-2.651041445635404, 37.314663693255696], [-2.654594046327176, 37.31763072517439], [-2.654307177426008, 37.32111826863487], [-2.650481576024457, 37.32585730765797], [-2.653391032380186, 37.33134630473677], [-2.654601375681607, 37.34060711423477], [-2.646494242837466, 37.34331432908885], [-2.637292924248089, 37.34333146855473], [-2.637596669798453, 37.348235923217025], [-2.635721748358288, 37.35303451916822], [-2.636979618826449, 37.35910466522865], [-2.63508911431101, 37.36472345786589], [-2.64318934000886, 37.37594335711304], [-2.641306187305746, 37.377668294965694], [-2.641801408758908, 37.38750380968374], [-2.638520914054953, 37.38844027805452], [-2.635623525666818, 37.39420913589117], [-2.615059700916178, 37.40569044624587], [-2.605156792699983, 37.413039929559396], [-2.602477659891556, 37.417483730834334], [-2.596785551569043, 37.421024790617196], [-2.577267901205105, 37.42903275276177], [-2.576858103247222, 37.43154611915333], [-2.57432734607262, 37.43333974461252], [-2.574907007365826, 37.434765978781584], [-2.571738036707739, 37.43744061118852], [-2.571415211839003, 37.4424960721736], [-2.569319145837143, 37.443308709805024], [-2.568453560670415, 37.446388175017695], [-2.561591960832327, 37.450130540038195], [-2.556695033114499, 37.45038269200965], [-2.550893254868897, 37.456345763644414], [-2.54659529144314, 37.45658171523879], [-2.540884109192216, 37.4586237622075], [-2.535051020167337, 37.462044122074666], [-2.534814839604473, 37.46365659205562], [-2.530010898298291, 37.46515185421328], [-2.52629893288186, 37.46918411505312], [-2.51540455408656, 37.476801364809], [-2.514154095617847, 37.47952733702553], [-2.503088847374031, 37.48351033510266], [-2.474099438807706, 37.48346581973284], [-2.45752098442519, 37.49082692408683], [-2.458344574250716, 37.49425585716912], [-2.461966579679658, 37.49868901920348], [-2.458744076617124, 37.50470432785699], [-2.460160436850917, 37.50755004292997], [-2.456322559072618, 37.509425230251736], [-2.444790429426276, 37.509750083603], [-2.440084202365165, 37.51117003423537], [-2.434281135935418, 37.509474850116554], [-2.432623112720553, 37.51176532326709], [-2.423777550339853, 37.51287617962119], [-2.416036398329002, 37.51597480568966], [-2.413476055140511, 37.51924300600382], [-2.414815763927707, 37.52157509502892], [-2.411699928618646, 37.52493964389915], [-2.407199572064407, 37.52445744003594], [-2.402947487396936, 37.51555778057883], [-2.397216694024992, 37.51338346113124], [-2.395569180200652, 37.514222268901406], [-2.394398820912542, 37.517623340019604], [-2.381149414276847, 37.52291759404243], [-2.366873451561961, 37.52090394725441], [-2.365524249378865, 37.51986917060327], [-2.362637205091231, 37.52003390278828], [-2.358510066198267, 37.522291948766465], [-2.360419305078928, 37.53459657564507], [-2.35875548593386, 37.53592151696477], [-2.360439822600007, 37.53749900723085], [-2.357430493347639, 37.5412772847909], [-2.357871453862769, 37.543974662920924], [-2.35540442766597, 37.54520507810697], [-2.355728685347576, 37.546991483062584], [-2.374297878264893, 37.55734863580954], [-2.36745665131916, 37.5630446545683], [-2.36788863676623, 37.57222251964482], [-2.374930665025749, 37.57783030485782], [-2.374567115033662, 37.579324557147324], [-2.369807651113869, 37.58101176002551], [-2.369936367117643, 37.585897657233915], [-2.36793128069108, 37.58861797068371], [-2.367894969889039, 37.59157413399242], [-2.375979735580867, 37.61225760472293], [-2.380320210879075, 37.61213629456749], [-2.388792477445154, 37.61800312068771], [-2.389778097296774, 37.629139558956375], [-2.391269500992771, 37.63248221276458], [-2.381567386903805, 37.62982688406101], [-2.373877606849125, 37.629209437252705], [-2.363766681152459, 37.62146702471133], [-2.359564503288894, 37.62126397569772], [-2.356469677777676, 37.62536616359181], [-2.345432453377494, 37.62921707960933], [-2.340429183096341, 37.623420781646175], [-2.316703531989022, 37.621834512039406], [-2.310418443052554, 37.630008918688254], [-2.308858367644752, 37.63571415796806], [-2.315470275359654, 37.641431026213425], [-2.31654881874091, 37.64495246985642], [-2.319954803598529, 37.648090704707805], [-2.319509631781405, 37.65962500415734], [-2.321128975336739, 37.659832612094306], [-2.325792127281653, 37.67200917064783], [-2.325660660636483, 37.681544271744635], [-2.323337490649233, 37.69386988397912], [-2.313274441563997, 37.711369180088404], [-2.306591531009028, 37.710212441073935], [-2.307949339052548, 37.71670975617706], [-2.305022252361073, 37.71913506263295], [-2.30807279721696, 37.720523041098076], [-2.307514035228795, 37.72326872611548], [-2.29689150999467, 37.74149319357696], [-2.297197023429555, 37.74400061788283], [-2.294271328228474, 37.74611923603702], [-2.294717313020908, 37.74816786465056], [-2.288743318752181, 37.75208858163776], [-2.287069916379651, 37.751402464075966], [-2.276780838592477, 37.776215452814576], [-2.28548921026302, 37.785993749812036], [-2.29127331415545, 37.789192307011405], [-2.300224479785973, 37.80348643187457], [-2.301769747364703, 37.808281515597926], [-2.293560976434352, 37.82812400760163], [-2.289381349877649, 37.8314786325962], [-2.29087958166811, 37.83760747371759], [-2.293842157203168, 37.841564031056365], [-2.294861754033735, 37.84788820184111], [-2.296365762889815, 37.86546348296627], [-2.294943769320891, 37.876315522661336], [-2.288514288778922, 37.885136384820875], [-2.278548830869447, 37.88434553123235], [-2.265379959995603, 37.88094711658198], [-2.250774197892198, 37.897177199172766], [-2.207664625922347, 37.91656929115577], [-2.184940107673357, 37.90363335975917], [-2.184331911395109, 37.901024425080074], [-2.181899523337353, 37.89881736810263]]]]}}, {"type": "Feature", "properties": {"Codigo": "14", "Texto": "Córdoba", "Texto_Alt": "Córdoba", "Cod_CCAA": "01", "CCAA": "Andalucía"}, "geometry": {"type": "MultiPolygon", "coordinates": [[[[-5.081139913319542, 37.64655305418956], [-5.05379019604797, 37.642373168879935], [-5.048797577091103, 37.637197038996874], [-5.048550208011392, 37.633551545838706], [-5.046795005947344, 37.63194180712189], [-5.034249106841577, 37.638521140563384], [-5.033516650203275, 37.64200331267456], [-5.031191617110217, 37.6415206735775], [-5.029122066680531, 37.63709544107659], [-5.026497069046112, 37.63515793461068], [-5.030031850755877, 37.632213377067735], [-5.029716434293341, 37.62728028764925], [-5.033444733776594, 37.62480089019946], [-5.0338572203921, 37.62163964080443], [-5.029742469266909, 37.61364480590031], [-5.028327314572242, 37.604080415641334], [-5.025996207969507, 37.599569428212284], [-5.024611278889288, 37.5948528915982], [-5.01726047181881, 37.5935819222578], [-5.018149326046376, 37.5921067519712], [-5.018788369573165, 37.59312319457852], [-5.02457932581462, 37.593672867264004], [-5.026597391998685, 37.595422614873954], [-5.030235105368699, 37.60384034761884], [-5.031007926905982, 37.61060407618151], [-5.047910027217382, 37.608140091238404], [-5.040405634284514, 37.62619477503895], [-5.047385817129997, 37.63076004620915], [-5.084972784786715, 37.643790831750515], [-5.084322037110066, 37.64808294906723], [-5.081139913319542, 37.64655305418956]]], [[[-5.035409177724708, 38.7261884700216], [-5.032740378236978, 38.72536996788223], [-5.024695790594492, 38.72643770980866], [-5.017213876204978, 38.71889013691234], [-5.012212280383461, 38.71771494102528], [-5.004468585242053, 38.71182899362816], [-5.002020700347333, 38.70817661999383], [-5.000435215193358, 38.70121162825282], [-5.000932633925737, 38.696778963194845], [-5.004599412286785, 38.695094258820326], [-4.955164081054162, 38.683433855155606], [-4.940869278871122, 38.68152753803414], [-4.923776050304919, 38.681981197893194], [-4.918770253062851, 38.6860912169237], [-4.910808022965606, 38.68669918278259], [-4.899297446597829, 38.686598340614424], [-4.891013443559048, 38.685038644152606], [-4.884850042207576, 38.68760472103526], [-4.876969712413147, 38.68609386819447], [-4.868880066174307, 38.68093415370281], [-4.870890203827735, 38.67513511973719], [-4.868938550990907, 38.669480586087815], [-4.869668740281432, 38.66617997289154], [-4.866933874196153, 38.65867265113269], [-4.868107386570925, 38.64766071580078], [-4.864051565826669, 38.64012931067289], [-4.867496108172934, 38.63163118702972], [-4.86454980921245, 38.620775057801325], [-4.860170456625347, 38.613978509111696], [-4.851483092057748, 38.61289979868067], [-4.8351987272346, 38.60752437189138], [-4.821208076640503, 38.59648814625601], [-4.816298704561069, 38.59532089680134], [-4.801621961177111, 38.594745642803105], [-4.787544880974612, 38.59705193676065], [-4.779977656277461, 38.59377908174361], [-4.770871709126848, 38.58766343359921], [-4.761348737071807, 38.58556327814696], [-4.755216904316094, 38.58551117260041], [-4.747383545631211, 38.579671982918825], [-4.73851244774025, 38.57739807359176], [-4.733406906958938, 38.57464421598436], [-4.720340058650139, 38.57110628271896], [-4.711353370938336, 38.572589612943425], [-4.707366600096668, 38.57194490995298], [-4.705061216752099, 38.570077166640814], [-4.705473367397722, 38.56420489783836], [-4.701375131799009, 38.56270558101695], [-4.700531063978287, 38.560492074004365], [-4.705405886851886, 38.55649235693844], [-4.703950371749903, 38.55317036758068], [-4.694143645252831, 38.548969247172074], [-4.682852604564012, 38.547987567128295], [-4.679493645613216, 38.54663904276191], [-4.666036334684792, 38.547723370263384], [-4.657628605783629, 38.53985873284682], [-4.649880465778185, 38.5351741947413], [-4.639858034018501, 38.531836584976624], [-4.632524474601527, 38.524594884840056], [-4.622779173106963, 38.52379313404331], [-4.620299981924634, 38.52065551182689], [-4.621454409591193, 38.51740446189374], [-4.618828946629385, 38.51233138520545], [-4.619012596409447, 38.50823771883424], [-4.611241349039947, 38.50018967899057], [-4.609016507745487, 38.495020732049746], [-4.596122919302235, 38.49008771262565], [-4.593690907638543, 38.48638114482055], [-4.588462551886562, 38.48636205256959], [-4.587112984089136, 38.491742053257255], [-4.584416307183222, 38.49321137673798], [-4.580309612149464, 38.49259998864065], [-4.576566601855141, 38.493416384921936], [-4.571805793157325, 38.48749684718452], [-4.566296880965688, 38.49094085979158], [-4.563988532282379, 38.488115123698556], [-4.563767402992021, 38.484774876204824], [-4.559099970574785, 38.4820525527793], [-4.559137871394929, 38.476888560786776], [-4.550336035409017, 38.47751901081547], [-4.544301163211707, 38.48158173787773], [-4.541487674776183, 38.48189812971781], [-4.535308355277853, 38.46999411380489], [-4.523378542353473, 38.46302181410984], [-4.512691085992302, 38.4638541379989], [-4.505866368284842, 38.45753488984264], [-4.504370149618987, 38.45170563818526], [-4.501462586013621, 38.448534842762214], [-4.500665447081612, 38.4454541228711], [-4.496509801949752, 38.44341659503908], [-4.494443143197007, 38.44043314117536], [-4.487674384243538, 38.44000561881315], [-4.483224097986696, 38.433051037112996], [-4.471269162777066, 38.425983457114576], [-4.464384160029212, 38.41688695307658], [-4.462638128865992, 38.410952114230454], [-4.456554948866027, 38.40687346003005], [-4.452987683177254, 38.40087096286049], [-4.435173131692407, 38.402234807184506], [-4.429484177354849, 38.39596011396045], [-4.420585730255042, 38.39589701124922], [-4.416034104152709, 38.39384332865767], [-4.409688289102999, 38.38487210425941], [-4.406448808779903, 38.383126682713176], [-4.394998127583663, 38.387201519036765], [-4.389365925212527, 38.386051795613035], [-4.383171955090241, 38.38184445798472], [-4.335233850433353, 38.36611579115702], [-4.331997764843757, 38.36066442779522], [-4.327505377244452, 38.363481921261744], [-4.32434308735709, 38.36078712904073], [-4.322021021399376, 38.36275082994062], [-4.320526151104724, 38.36237115290443], [-4.317430306904054, 38.35700793582801], [-4.311898890117871, 38.35744841186525], [-4.309261146287838, 38.352692622595264], [-4.30617713559435, 38.35238456182234], [-4.302063385192394, 38.350168323158044], [-4.296239175115753, 38.35020577166169], [-4.294283927221186, 38.347082251085716], [-4.289803800727229, 38.347401939199074], [-4.287330085674793, 38.3427610029547], [-4.27891411203606, 38.347656340798935], [-4.275624715027555, 38.348016575858566], [-4.276384670893328, 38.350892081787435], [-4.274004998671344, 38.35027811413817], [-4.27245471130685, 38.34669923487176], [-4.268869715569331, 38.347170649831305], [-4.266828008421856, 38.3468953081738], [-4.266026226996504, 38.34421845986489], [-4.262999624039577, 38.34257487322803], [-4.25882350809901, 38.34392645707129], [-4.256384059283095, 38.343141571225914], [-4.2570284666505, 38.341359326794], [-4.255795420226878, 38.340192002269916], [-4.251669547958462, 38.34180413178163], [-4.247983877128669, 38.34040152185149], [-4.247381059064021, 38.34261581183229], [-4.245156571705737, 38.34034142223404], [-4.243658659715584, 38.34241200703497], [-4.242396392892405, 38.34220010408364], [-4.240017813021864, 38.33960282093411], [-4.237441898436249, 38.34154054172634], [-4.235436660194407, 38.33598334911314], [-4.23954216226542, 38.33249750461996], [-4.238174213140653, 38.330772674801544], [-4.238270007685927, 38.32698670178342], [-4.236833342831807, 38.32592043373008], [-4.235144521775789, 38.32887608876344], [-4.233355515209373, 38.326596888023566], [-4.234094866417391, 38.32499403764464], [-4.237855648083, 38.32414332186184], [-4.23908627264862, 38.3218413550017], [-4.235144211857039, 38.31738598772988], [-4.237868260429631, 38.31680758010592], [-4.23853713071879, 38.31510627415927], [-4.232586356103511, 38.31426776079532], [-4.228733748649544, 38.308964158950204], [-4.226846045081182, 38.30825396521127], [-4.225955834397569, 38.30428900493862], [-4.228053565875993, 38.30117600964693], [-4.220175101882386, 38.298509570843905], [-4.21736069986019, 38.299809479581306], [-4.216538140402274, 38.3039724926946], [-4.210217515909786, 38.30145145664412], [-4.211645629700705, 38.297237164976124], [-4.210897752582266, 38.29282905479033], [-4.214239101858611, 38.28266516368578], [-4.213370315096197, 38.27786178958725], [-4.215138241796148, 38.27623938562596], [-4.212961071398854, 38.27181005208464], [-4.214822749875089, 38.269645953894376], [-4.208232172656577, 38.26651475191134], [-4.215035737733999, 38.255657302221444], [-4.216685141613753, 38.24695272798224], [-4.212660280407375, 38.24475040114542], [-4.209519603087487, 38.24624273310891], [-4.204047882046937, 38.24637106602574], [-4.200821376989793, 38.24126731778839], [-4.198795876348399, 38.241089752568755], [-4.196000400930879, 38.237846929832], [-4.196892404651856, 38.23440427057268], [-4.193882548088442, 38.23130779525935], [-4.197422292091851, 38.22838792667687], [-4.19750136719304, 38.22484541108123], [-4.20106513574042, 38.22063646402925], [-4.201174591864582, 38.21408366895058], [-4.200306289294083, 38.21267766919086], [-4.194995031617771, 38.211289898764136], [-4.192718359327945, 38.20756408173455], [-4.189777631718946, 38.20582753990258], [-4.189660300963077, 38.199313100108995], [-4.186778288139302, 38.195539190805064], [-4.18110406796907, 38.19279366410584], [-4.179553307192395, 38.19009660404554], [-4.167860289278604, 38.180786883737746], [-4.168467857634508, 38.176644343229896], [-4.166361338835937, 38.17341192266508], [-4.166486923312708, 38.16982387876363], [-4.168855170760844, 38.16585304996041], [-4.163666895141813, 38.16117322674235], [-4.163245518798274, 38.15907762011717], [-4.165059904568062, 38.1561757845837], [-4.16581757242482, 38.149274031613515], [-4.16119637629523, 38.145003020564005], [-4.166236690403789, 38.1433309069613], [-4.168422174709047, 38.1401189490763], [-4.168472057258468, 38.13680199996267], [-4.174108343370865, 38.133916029966734], [-4.174680359102759, 38.131873579064965], [-4.182884221638383, 38.13117844376131], [-4.188412152961207, 38.12800451681493], [-4.194248675347113, 38.12699909997904], [-4.199550368660607, 38.12189831658047], [-4.198960090178961, 38.11579415493612], [-4.203369379122933, 38.11268497923747], [-4.202505744198677, 38.10940441197948], [-4.203702834654674, 38.10797726157936], [-4.21794956978345, 38.11076841413113], [-4.22210895909344, 38.102992887178054], [-4.214144509259164, 38.09449590291448], [-4.214084330219971, 38.08947676180729], [-4.218189794561753, 38.08743356919166], [-4.225268490254557, 38.09138842388871], [-4.228702021950379, 38.09077580875676], [-4.22771719890438, 38.08643323818221], [-4.223541286881364, 38.0849086840398], [-4.221900685593151, 38.0829340722426], [-4.22444260433517, 38.081519740646534], [-4.230256880841361, 38.08488366819157], [-4.232488465788678, 38.08332823480093], [-4.230628937879222, 38.08122985678088], [-4.226844473927783, 38.07991756079133], [-4.234942831129877, 38.073326019930946], [-4.235896832978479, 38.069720154028445], [-4.234449079320517, 38.064967913655735], [-4.23627762792904, 38.062533469100636], [-4.239086074120968, 38.062792268760305], [-4.240122184681476, 38.067449658136084], [-4.246464887967002, 38.06973476000601], [-4.250126778594552, 38.067199518752034], [-4.25194508281564, 38.063521245566534], [-4.251061929296879, 38.048462306697175], [-4.249022369122999, 38.04781708068656], [-4.244466837145757, 38.05271393414312], [-4.241070572957831, 38.053398701224864], [-4.238594420776056, 38.051874719720885], [-4.240085554079126, 38.04702844358731], [-4.250602944085653, 38.03889621705137], [-4.258439108209145, 38.038677441568424], [-4.265064207684061, 38.040931486125245], [-4.268941306805861, 38.03976320168981], [-4.266229404354212, 38.0344752307406], [-4.260399046207787, 38.02803104414914], [-4.259957942860585, 38.022231919050725], [-4.26428217302525, 38.02194217677722], [-4.268548289377539, 38.02357250068794], [-4.276211541283533, 38.02399427783575], [-4.282251882424239, 38.022811076759176], [-4.284450066212684, 38.00383436657157], [-4.280091666829555, 38.00274632768709], [-4.277655446558819, 38.00018631687612], [-4.264315507708808, 37.973446804028086], [-4.259708359433609, 37.95700369869622], [-4.258052337665196, 37.93932117677672], [-4.262394482033278, 37.915076426090316], [-4.264880203967708, 37.91075982590808], [-4.266067714789606, 37.91168436071407], [-4.272869288302075, 37.91030419723461], [-4.273025993115199, 37.90751764381167], [-4.270954506816085, 37.9054582008838], [-4.274809973607593, 37.90279387856168], [-4.273305848868876, 37.896690699113684], [-4.279916919353984, 37.87651230187328], [-4.27810407329656, 37.850558231190206], [-4.28086255070075, 37.82867301766769], [-4.286083171958205, 37.81456563992151], [-4.284104674765746, 37.8118384200169], [-4.287640036787176, 37.80150752761313], [-4.28673602977745, 37.796542511140366], [-4.275593327891523, 37.79254501762492], [-4.263589413837644, 37.790592474812755], [-4.259025782649845, 37.788694669684205], [-4.248867787028927, 37.7883972060747], [-4.244481372785373, 37.78958823603556], [-4.240297290584825, 37.7879470268059], [-4.225808131601936, 37.786692793908564], [-4.22017475872601, 37.78458826391565], [-4.215129877582563, 37.784424119684324], [-4.206576963863536, 37.77873499257869], [-4.207446099172287, 37.770037892148], [-4.21802066065837, 37.766819598914275], [-4.219144336297852, 37.76403203921331], [-4.224511638966415, 37.76180432060037], [-4.227980317247744, 37.75667606211586], [-4.23950730493743, 37.72701171457897], [-4.238609071400015, 37.72009037221365], [-4.226213712867865, 37.71771443460079], [-4.199788362922068, 37.70853187303465], [-4.1941913870865, 37.708985259710964], [-4.189022972320117, 37.70644183857248], [-4.183507736887176, 37.707038079775714], [-4.180068060714811, 37.69901505059549], [-4.164367765218074, 37.68150576481486], [-4.175416409900506, 37.677376349171276], [-4.187648592156251, 37.670034465949165], [-4.214195268564329, 37.64720475481599], [-4.228102102749101, 37.63953502399799], [-4.225629807034851, 37.63806456803535], [-4.22402955267933, 37.63101502283458], [-4.22073667469913, 37.629931472139475], [-4.218246948973438, 37.627361480684684], [-4.221180656248521, 37.62242806424248], [-4.220136479715086, 37.62023969367905], [-4.217634804599445, 37.619697711196494], [-4.21381934966904, 37.616402178918804], [-4.21089164044512, 37.61612576517296], [-4.208012024326567, 37.61041398397083], [-4.206417985414443, 37.61062856459783], [-4.205832075440027, 37.61293286273316], [-4.203628407436783, 37.61328883374549], [-4.201849093692274, 37.61537093970227], [-4.196678483443335, 37.61158387766974], [-4.194393086715556, 37.61320231182599], [-4.194757007711867, 37.615415878026496], [-4.187648223846973, 37.61655108524824], [-4.186237646966993, 37.615483707071746], [-4.183045795320292, 37.61569597895047], [-4.178097631291936, 37.61302352221626], [-4.176756437589596, 37.61059434613992], [-4.17383669103235, 37.61008259596124], [-4.162756428346905, 37.598421023753545], [-4.166431032830625, 37.595798043251605], [-4.170409819446018, 37.588737497610374], [-4.168595034824213, 37.587124045866474], [-4.161720091410954, 37.589309942753744], [-4.160302881370916, 37.58483532059083], [-4.162361292691074, 37.58173259491782], [-4.157824569639215, 37.5798393039212], [-4.160361741683285, 37.57766926717336], [-4.160707038807119, 37.57510613491704], [-4.158827982421715, 37.57442154068041], [-4.156382401705651, 37.57518457479394], [-4.153599290699733, 37.57388681971402], [-4.150005424997114, 37.574354507914386], [-4.149586316899585, 37.5677068156562], [-4.147852341127506, 37.57056284887896], [-4.144579573731584, 37.56906235719403], [-4.146498908777711, 37.56647499183772], [-4.145419486844124, 37.563267710217495], [-4.143711712233875, 37.56339239410792], [-4.139349007225644, 37.56018073490398], [-4.13670940118805, 37.56231526321687], [-4.133658758415806, 37.55824351118684], [-4.130391161722632, 37.55853617696096], [-4.126896211312494, 37.5565055181369], [-4.125376815214024, 37.55408641589521], [-4.122536980987827, 37.554960670790585], [-4.120976092604653, 37.55429948891505], [-4.120085606138215, 37.55304610024597], [-4.122577317140661, 37.55160738780622], [-4.122313378635492, 37.54683293918687], [-4.120081455921573, 37.54822411474233], [-4.114968628006664, 37.547722617662615], [-4.113348567595777, 37.54534941680343], [-4.113607508773012, 37.53992107463518], [-4.110673419713907, 37.53746104822117], [-4.109184992136513, 37.53324784988903], [-4.10684090757288, 37.53239553357658], [-4.10522418709821, 37.53405106586727], [-4.099096790223347, 37.530665171602394], [-4.099459289186525, 37.52837242891667], [-4.09757031719696, 37.527668955096225], [-4.099299612746464, 37.52520129395181], [-4.098130608117754, 37.52419366355962], [-4.099109675657735, 37.52227376157793], [-4.096711984129549, 37.516951219024065], [-4.099201977553158, 37.51467478960517], [-4.098058400636908, 37.511530790035394], [-4.095738872419899, 37.51152527615806], [-4.095172393903434, 37.50992619319545], [-4.085416002706677, 37.51360341615036], [-4.079628090855747, 37.50925797985997], [-4.076715416734758, 37.50970817698233], [-4.072065011883701, 37.50731688889638], [-4.065997930591967, 37.50792160579139], [-4.059994200290669, 37.50581254283492], [-4.072813374092354, 37.49635003294224], [-4.075033298907358, 37.49416667314131], [-4.074440189834253, 37.49303639682397], [-4.084677580356613, 37.48913036783008], [-4.087653475212417, 37.486074576800505], [-4.085264844990487, 37.485934306928186], [-4.082872104077803, 37.48393727655637], [-4.081781175623711, 37.48044116391395], [-4.070160308596889, 37.472119601217], [-4.060433789976641, 37.472054141918036], [-4.048140710029437, 37.46797270790001], [-4.045579354439624, 37.462686625739394], [-4.040309254874722, 37.45854197375323], [-4.037656987981465, 37.45233714191275], [-4.031036506745473, 37.44361617069324], [-4.031868435631738, 37.44245520979391], [-4.02901610134836, 37.44219167857654], [-4.02771882628027, 37.43494725611125], [-4.022412073655066, 37.4287200986097], [-4.018877023349039, 37.41972828906166], [-4.013588573897767, 37.41640279862971], [-4.01064484591568, 37.411777145713565], [-4.008738433134877, 37.41118051426643], [-4.000820770255539, 37.4020902978036], [-4.015249953218547, 37.40217448790019], [-4.017464261766293, 37.401326232868435], [-4.031168966927376, 37.40627300476327], [-4.053726141615329, 37.40255886800659], [-4.066736340365583, 37.40456030372869], [-4.072321126961141, 37.40240967261244], [-4.085943499729708, 37.40374553708916], [-4.091871264897343, 37.40114019918874], [-4.098228494839338, 37.40011694396549], [-4.098266266302098, 37.39651127657292], [-4.102611278092512, 37.39389302410924], [-4.102352723190783, 37.39011892507997], [-4.105466543578649, 37.38753907910456], [-4.119323233804337, 37.38273990289989], [-4.127219284116266, 37.378257403072205], [-4.130202345731369, 37.37307336477678], [-4.144841945574894, 37.36285574967149], [-4.150295375119665, 37.35170749995721], [-4.157839073837797, 37.34225109393113], [-4.161966078881832, 37.341940255256524], [-4.173167533282216, 37.34864379385529], [-4.183565442864392, 37.349351464118705], [-4.187121558663843, 37.35076696458848], [-4.194783031007344, 37.350473566791464], [-4.204034834017416, 37.352912523192515], [-4.209334374069181, 37.352470920138785], [-4.223358509365442, 37.34210575513007], [-4.22307232677721, 37.34046828219729], [-4.228485103962083, 37.337338691092846], [-4.236418969754195, 37.335850006646226], [-4.238197312419862, 37.33346996811381], [-4.239118153858073, 37.32768278625834], [-4.23520337220666, 37.31192340964858], [-4.236508594670092, 37.297218083899864], [-4.241486795666622, 37.28982911457795], [-4.248127936357532, 37.26911875969162], [-4.26325245667291, 37.260377668565276], [-4.260843537101997, 37.25386863896802], [-4.257617343760252, 37.250396757555], [-4.255309976037229, 37.22956420522731], [-4.263447683042036, 37.22748576599416], [-4.282708967698674, 37.210036150007255], [-4.283147713866596, 37.20732735810399], [-4.291599145806296, 37.204008752790756], [-4.292667216627958, 37.20122094898958], [-4.2955655401623, 37.19938663589079], [-4.320627066945426, 37.191746063648196], [-4.323696470134083, 37.190089420877214], [-4.327617761876365, 37.18433108777544], [-4.327413845205212, 37.18619912600607], [-4.332260422351335, 37.191462665963705], [-4.329476623235886, 37.19847930894412], [-4.326145615365152, 37.20258165978717], [-4.323172403777131, 37.203317922252225], [-4.322630012686711, 37.20452277624715], [-4.328852842085769, 37.205318493024734], [-4.345076679323366, 37.214049667994544], [-4.352651333986184, 37.21475661186183], [-4.364468561055991, 37.21385500619878], [-4.371638107865, 37.21520534925419], [-4.382575183585785, 37.23154555189968], [-4.385008741250036, 37.238259107651466], [-4.377440556253846, 37.24177234411796], [-4.377195361097101, 37.24502899171589], [-4.37971191770368, 37.24577484774954], [-4.379925695181713, 37.2482239547426], [-4.376064062354131, 37.25721904775106], [-4.380257596628104, 37.260243778892274], [-4.380810742349134, 37.26336489398549], [-4.377723936996763, 37.27035008058118], [-4.37969646937575, 37.27523027558371], [-4.3834133503734, 37.27741319082092], [-4.389821304586278, 37.27380499285387], [-4.392276553869644, 37.27422681568208], [-4.394265221787792, 37.27625842671363], [-4.397500206042864, 37.27492242359833], [-4.402978668041325, 37.27657915765877], [-4.406576081191073, 37.27412094416451], [-4.412152285282334, 37.27677655818622], [-4.413863200402794, 37.280812102814274], [-4.417965035550846, 37.282403439590865], [-4.421726745176112, 37.28149311662708], [-4.427204272926724, 37.27587511879629], [-4.43302087696781, 37.27391212506768], [-4.435172440887936, 37.27674322674833], [-4.439725022797834, 37.27830132094899], [-4.445001454587191, 37.27758812303618], [-4.44714527413129, 37.27585848790556], [-4.447294792422113, 37.27306257321686], [-4.45139418415257, 37.27039859219536], [-4.453925225194848, 37.266536991800564], [-4.456779161174426, 37.261887196887], [-4.455813365344458, 37.25975392217562], [-4.456972177687946, 37.25844180899202], [-4.458599059006803, 37.25801620984189], [-4.461388575899044, 37.259405882007], [-4.468242487954926, 37.25754553466947], [-4.465701393866311, 37.254431415134846], [-4.461836309711354, 37.255146127999794], [-4.464144916211198, 37.25208020101807], [-4.467956720388285, 37.250951451684976], [-4.471712345724193, 37.251580861190384], [-4.477045701956488, 37.25736400871517], [-4.478586639655512, 37.25543399911583], [-4.48572422979661, 37.25198282309335], [-4.484836358325987, 37.249253971248855], [-4.477386211958191, 37.245345229660224], [-4.480084335151721, 37.24322054785583], [-4.481335531137288, 37.238022328791885], [-4.485700886175615, 37.237003274880045], [-4.48841953856838, 37.23881685692282], [-4.491165714443038, 37.238584041851986], [-4.489439856746163, 37.2310797509592], [-4.492278589637835, 37.22697913759963], [-4.499422185914942, 37.223427921756176], [-4.499358536683791, 37.228755474607816], [-4.49828109733207, 37.22956224471425], [-4.499345038598336, 37.23035098982944], [-4.510222212859285, 37.221280854608075], [-4.525789731068885, 37.216367574990024], [-4.53373926258123, 37.212118960558605], [-4.539470211361638, 37.21130557216353], [-4.53969464555393, 37.21514225390197], [-4.544721802038467, 37.21739321020939], [-4.552441302854386, 37.21681463311361], [-4.555846766689098, 37.218554576714794], [-4.561170802900365, 37.21931377704634], [-4.570468605042848, 37.21603638917622], [-4.5714061362807, 37.21505053708699], [-4.570252288925817, 37.21103697504278], [-4.575433110324569, 37.209264760245105], [-4.584984754806815, 37.21121043165067], [-4.590640461597372, 37.20953036095325], [-4.602297652900988, 37.20923810625626], [-4.604373237314408, 37.21466297087823], [-4.601669805975897, 37.21898968618134], [-4.596255773844504, 37.221460237076684], [-4.596275158590084, 37.22505614723992], [-4.604480178155695, 37.23780689577848], [-4.611001765658749, 37.239665190254996], [-4.614358002714235, 37.24321568071428], [-4.613765447003374, 37.2550848135573], [-4.617081848267636, 37.25620223611042], [-4.621972703374143, 37.2539632501758], [-4.63022584568957, 37.254462858076], [-4.644602655074837, 37.246702292818455], [-4.64867954670247, 37.24908812109061], [-4.649715049103516, 37.25211105217174], [-4.653347924147356, 37.255827778674266], [-4.655199860394362, 37.26213799019694], [-4.654002669327009, 37.27185253283877], [-4.66131918500817, 37.28096126908224], [-4.662113514908194, 37.283744092254146], [-4.66630837868879, 37.287272236927436], [-4.668835244361589, 37.28574049725517], [-4.675263424143092, 37.28719995501089], [-4.68109088971429, 37.290046485694056], [-4.676078054171959, 37.290874637942046], [-4.678527948597973, 37.29705874302759], [-4.67524805396857, 37.301782835185044], [-4.671180126629197, 37.29792878474324], [-4.664251192670704, 37.29425903364082], [-4.661575751938136, 37.29366571100811], [-4.660611411378929, 37.29444533019069], [-4.664708197096778, 37.29708262256288], [-4.665771728731349, 37.29926680691916], [-4.658695736069205, 37.30380045384776], [-4.659005804860878, 37.30507592599284], [-4.664960636267994, 37.30854334272414], [-4.671704634957292, 37.310422114643316], [-4.678712184079605, 37.308403218197775], [-4.684068803982836, 37.31535708195764], [-4.679640381821623, 37.31767316804765], [-4.681482645009665, 37.3233790947685], [-4.670507366634826, 37.319046174103164], [-4.668436419324911, 37.319805459892805], [-4.668936047912893, 37.32505285123092], [-4.679575747138644, 37.32999448171239], [-4.678420891873983, 37.331353786189496], [-4.674072901270074, 37.330730436621046], [-4.671539249723583, 37.33150525723279], [-4.671176468689383, 37.3344936177013], [-4.679315446810346, 37.33655947094367], [-4.681035651409154, 37.33473252095278], [-4.681530952812382, 37.33061562664418], [-4.685654115761939, 37.33026859775796], [-4.6867727563442, 37.33183888473747], [-4.684354300258193, 37.338281380921636], [-4.686743473960866, 37.34114042119152], [-4.692413013010172, 37.341771472606126], [-4.694674283684444, 37.34545233424904], [-4.696896831579992, 37.34639382316533], [-4.703521708272718, 37.34531623995612], [-4.703559874994187, 37.35050698909458], [-4.714344473373548, 37.3531270769656], [-4.716885997755156, 37.35814632816006], [-4.718666699396812, 37.358498979745015], [-4.722076326922914, 37.35700735093035], [-4.7249074268296, 37.35342415189132], [-4.72535486329961, 37.3517593167728], [-4.721472989632005, 37.349364443191014], [-4.722613919213111, 37.346427703623014], [-4.725884435430958, 37.34480284701656], [-4.731445796658749, 37.3441357678198], [-4.732949951940205, 37.34277987060089], [-4.726064727308451, 37.341826023764746], [-4.726321527800407, 37.33824430707101], [-4.72922343022292, 37.3353268737588], [-4.7464060779908, 37.331081886975625], [-4.748601542578822, 37.33182454264024], [-4.751517917758879, 37.33152911011392], [-4.752740062228158, 37.333124241672074], [-4.755699288843918, 37.332728877263385], [-4.758467683648805, 37.33383235389814], [-4.76336385768015, 37.33759885502642], [-4.767452916988205, 37.337727128231606], [-4.773096208163252, 37.336263730630336], [-4.77565045897748, 37.33304400897919], [-4.77751100108491, 37.335368328115216], [-4.78008549184086, 37.33541076311326], [-4.782225017437835, 37.328501938707795], [-4.788631071713863, 37.335462164054526], [-4.799930267308826, 37.34449258666412], [-4.822126745054077, 37.35819439471544], [-4.823612813655543, 37.36876114707166], [-4.814728291340927, 37.37261088968333], [-4.814688622636322, 37.37753233760798], [-4.826019477556837, 37.379079376686136], [-4.825196715977963, 37.3833459408929], [-4.828051632019529, 37.3823105300816], [-4.830150543884252, 37.38409856083287], [-4.83097013710507, 37.39040365597006], [-4.83780569388469, 37.39835481824773], [-4.840517404096887, 37.39976364664665], [-4.843823012103018, 37.39958599362983], [-4.841010741782951, 37.404235190083234], [-4.842237638340139, 37.40497312376012], [-4.845208773023252, 37.403583961659976], [-4.847187849629032, 37.40873526206498], [-4.849811072192495, 37.41065900102933], [-4.842065931661772, 37.41504270563461], [-4.837644784956063, 37.42324071973385], [-4.84011333828884, 37.42760941763993], [-4.840635474166258, 37.43601888677346], [-4.854326464747908, 37.43939200907555], [-4.859781398072477, 37.4378463711774], [-4.884740625609399, 37.43798309859101], [-4.882487467620487, 37.440082807703874], [-4.882662174671939, 37.44525312574419], [-4.878723232830966, 37.44639724682977], [-4.875342814924627, 37.45045243779723], [-4.882206913875782, 37.452803801746896], [-4.888490879019902, 37.46084186965363], [-4.890659828035747, 37.46122182789378], [-4.894312659153646, 37.459469012954116], [-4.904089745737913, 37.46740515383022], [-4.905780093929971, 37.472974654167146], [-4.910182254742118, 37.47978006781538], [-4.903633074586836, 37.48730287123402], [-4.904468856347382, 37.489488455982354], [-4.908493898115069, 37.4880987182274], [-4.910166254848597, 37.48892789308928], [-4.913443389853464, 37.483494537167836], [-4.915201965989651, 37.48416000998468], [-4.914360929084631, 37.48754424861464], [-4.916154597907395, 37.49267929074582], [-4.91338087160122, 37.49523865198707], [-4.907775050055029, 37.4949687047704], [-4.906021049936927, 37.49983664362489], [-4.908202520569549, 37.50199147298206], [-4.911310557603605, 37.49921956094441], [-4.924608922422343, 37.500382690070744], [-4.926210058025148, 37.502826008130995], [-4.931269518825705, 37.506014944008], [-4.930465595816656, 37.510381046576214], [-4.927577240886981, 37.512446896795744], [-4.930705790052279, 37.51355840781658], [-4.933242763568641, 37.5110295649444], [-4.935010321061083, 37.51201005401822], [-4.933945436563704, 37.519850137808746], [-4.947043089001868, 37.520536376241814], [-4.948935391046209, 37.521947178708835], [-4.94632123697549, 37.522368767805084], [-4.943516908660922, 37.52592970201027], [-4.9400659388688, 37.52768968714805], [-4.941674348130519, 37.533863736582106], [-4.940883482134138, 37.53653532792278], [-4.934298611014312, 37.54098720523377], [-4.932026178772625, 37.54590899192328], [-4.934556889234859, 37.54748082661797], [-4.936041078560772, 37.55060180066585], [-4.932463434635506, 37.55364338463667], [-4.933399831301147, 37.55615152016903], [-4.933041552623166, 37.55805889892007], [-4.930861073730626, 37.55954552594944], [-4.932359424098678, 37.56101701970697], [-4.931505950916907, 37.563040698967875], [-4.932843918769022, 37.56355955659709], [-4.932068368149938, 37.56465367500964], [-4.936932150728786, 37.567106467582825], [-4.935536025046812, 37.56828289222776], [-4.937654867832744, 37.57184403822168], [-4.932429449571647, 37.57293890784424], [-4.930217385015487, 37.57584993419956], [-4.934988645611541, 37.583017625651046], [-4.935187015185879, 37.586745393172706], [-4.930328885705165, 37.58982588112461], [-4.934891733562103, 37.59984479177506], [-4.93459662890644, 37.60857330072696], [-4.931707663122353, 37.61732620097485], [-4.940147934393012, 37.621243268969], [-4.94376327342422, 37.61693015978981], [-4.947862886140228, 37.615132319898045], [-4.956741566710565, 37.6137058628908], [-4.957750815847451, 37.61287806507711], [-4.956975628147688, 37.61139491801103], [-4.959765156718028, 37.609338985742355], [-4.96565766301078, 37.61070097801877], [-4.974283187554231, 37.6001572187992], [-4.974698344861072, 37.60343965059884], [-4.968193897213703, 37.61237102224167], [-4.965230038884391, 37.61167239612701], [-4.958161743885947, 37.62163990620095], [-4.953767225940224, 37.65244342162526], [-4.958860837992897, 37.65864935620621], [-4.964900297886278, 37.66328924220802], [-4.971545655269156, 37.67237954862612], [-4.975929458110213, 37.67436992779313], [-4.977422183227925, 37.673795218753106], [-4.98128853400744, 37.676785388130966], [-4.98269268523816, 37.676293179003565], [-4.986673291840295, 37.685256114988846], [-4.986951916003764, 37.68932479456472], [-4.99063206938108, 37.6920924938777], [-4.98878737265688, 37.69351139956907], [-4.99170081843077, 37.696859699807206], [-4.996978340774931, 37.69953715686667], [-4.999821759279139, 37.70659030926017], [-5.016032667963201, 37.709594704715876], [-5.016876428560124, 37.711013143962106], [-5.047227684893898, 37.718294473838085], [-5.056412548143951, 37.71321427777032], [-5.072582527787061, 37.70769542810855], [-5.074390673858916, 37.70094088185074], [-5.079927638640283, 37.70101461383825], [-5.086153676821538, 37.698156048100515], [-5.086743218684692, 37.695721474113974], [-5.089049779720546, 37.69466230964356], [-5.085828562147194, 37.68857330605814], [-5.090382281324211, 37.68354524597152], [-5.09150591833611, 37.67994765456568], [-5.086625581603259, 37.67208571226335], [-5.084112398170517, 37.67181470760392], [-5.083146180132405, 37.67010151417683], [-5.079842319349487, 37.67115112596986], [-5.07643524842873, 37.66890413310035], [-5.075628821815024, 37.66762966179713], [-5.076804544943696, 37.66466209365413], [-5.074000602904692, 37.66248550013788], [-5.072180283762341, 37.663472742236834], [-5.07001491632955, 37.66183457861075], [-5.069877953791424, 37.659349699140996], [-5.070516179851357, 37.66069927585231], [-5.081656780577864, 37.66061139109923], [-5.082079006727714, 37.66192868788598], [-5.091157177071456, 37.66792313111171], [-5.097878548097094, 37.670291010739156], [-5.093607483824178, 37.67564780991116], [-5.099145913757808, 37.68228114278162], [-5.101224070047859, 37.690030291825806], [-5.108612847108753, 37.700667413911944], [-5.112727386231549, 37.70257634909365], [-5.129710402292245, 37.6987473257644], [-5.126681809566946, 37.69635079562016], [-5.11701144732995, 37.69248753016281], [-5.113491247073878, 37.68872971605627], [-5.112655997115977, 37.67766925665899], [-5.110060570223982, 37.67410201017708], [-5.111167613556, 37.67075683357011], [-5.107920646673285, 37.66257819273437], [-5.119264896373031, 37.66765578610341], [-5.125823086630665, 37.66586162098961], [-5.135751998379433, 37.66856601322663], [-5.15005395744036, 37.660916551616026], [-5.160117196968498, 37.67177202111579], [-5.176768138207999, 37.680576681229816], [-5.211942945172279, 37.66346698288979], [-5.225109706801885, 37.654541070119315], [-5.23536022889713, 37.65013880701686], [-5.253635477782237, 37.636048361914], [-5.274520399043094, 37.625284180764034], [-5.299769389853119, 37.622893298674036], [-5.311533167163619, 37.61971661816646], [-5.32330396121474, 37.614249708585014], [-5.322923603743718, 37.611490671693026], [-5.331069611181794, 37.604634436178145], [-5.336653827347095, 37.597756353622124], [-5.343928015310396, 37.59316036788952], [-5.343143565081771, 37.59089606261566], [-5.345026757310784, 37.58630781604832], [-5.351859537397972, 37.58428844224137], [-5.357957841434116, 37.58484264574241], [-5.356772300617624, 37.588542993090144], [-5.35702563720588, 37.59657622301442], [-5.358408932250634, 37.59806249617193], [-5.35733275682845, 37.599850284175076], [-5.359933361609684, 37.60544848796439], [-5.368528527588163, 37.606817234689316], [-5.372265370049846, 37.609634860858115], [-5.38119796391023, 37.61090579365905], [-5.382027808705101, 37.61454769465472], [-5.384389840709853, 37.61437382393224], [-5.386221433708903, 37.616742819008145], [-5.388104694209944, 37.6171823582463], [-5.389338055942162, 37.619968962997625], [-5.39186327769807, 37.620638685020566], [-5.391944112598934, 37.624223596796924], [-5.398119639410091, 37.627423449179275], [-5.401160610021746, 37.63108332568782], [-5.401663450985211, 37.63649794688628], [-5.407940546712314, 37.63858676608466], [-5.408765266618459, 37.63991264116158], [-5.407032328400462, 37.64029041859141], [-5.407250979238945, 37.64144845804898], [-5.411317171931517, 37.641031951580146], [-5.409873362775978, 37.64509855774783], [-5.412652628094193, 37.6441315938611], [-5.414015564619638, 37.64527519395114], [-5.413603502907222, 37.647599562095294], [-5.405552047644344, 37.64744866808089], [-5.397566479316071, 37.650404752083546], [-5.393598582976777, 37.65601837725006], [-5.397215370990632, 37.66239704290755], [-5.400504859627256, 37.662113856747546], [-5.405540844754451, 37.65869505562105], [-5.410296170135795, 37.660634538887464], [-5.413009343703561, 37.6656614459478], [-5.411519273107538, 37.66900812077524], [-5.414194774925603, 37.67390962665808], [-5.413295792193176, 37.67905547422682], [-5.410472681902579, 37.686763903945035], [-5.406902308042899, 37.69101808874657], [-5.401073343183416, 37.693822318266676], [-5.394121992665298, 37.69347706289864], [-5.389077541814862, 37.697778700871744], [-5.385902036811338, 37.69671654560202], [-5.383640876629856, 37.69339204678384], [-5.384150080360456, 37.68131549565496], [-5.380091478432041, 37.67849580303934], [-5.376342861751994, 37.67756213359809], [-5.372202028042484, 37.68104279212136], [-5.368159658671224, 37.69119883318438], [-5.362769757983324, 37.69716438571586], [-5.344836700746092, 37.705344298596124], [-5.336862170915995, 37.70567384807353], [-5.33347668830809, 37.700072656718525], [-5.332748439378598, 37.69565345959248], [-5.327099433121737, 37.691619771868524], [-5.322894667211762, 37.69460439490219], [-5.319004552399682, 37.7015116327728], [-5.314595064029734, 37.70158926906943], [-5.311138645955436, 37.69802542686571], [-5.307603767227542, 37.69923913570059], [-5.306715711602244, 37.703518941778555], [-5.309114066087192, 37.70514814685499], [-5.31092745472707, 37.709122719702634], [-5.308873686798599, 37.711659152625856], [-5.308795985221452, 37.71573383276584], [-5.304094129362492, 37.7217823717781], [-5.306208566810326, 37.72630984120436], [-5.304888833860114, 37.730949523603506], [-5.307038195111196, 37.73403447016441], [-5.312889454359292, 37.75287989959559], [-5.318674655993042, 37.75823615663719], [-5.318023733144926, 37.75956464122815], [-5.316044843388695, 37.759801811749924], [-5.315125493153877, 37.764902282148434], [-5.309914933027634, 37.76671671918601], [-5.309754034878741, 37.77358656077913], [-5.317194481238183, 37.77481926369838], [-5.320621548657178, 37.776950582941815], [-5.32289600390486, 37.77634707222287], [-5.329393089858556, 37.77825539169721], [-5.330538385251947, 37.785441860151984], [-5.343347876113312, 37.78945019493506], [-5.345303740252204, 37.79241204492131], [-5.349916044857137, 37.79426660482794], [-5.347334179831016, 37.80525780913608], [-5.347636048800775, 37.812280644978614], [-5.3418415055864, 37.82301126095364], [-5.344925937589812, 37.82786107577202], [-5.339114135043858, 37.83197759577552], [-5.339765442370947, 37.833532642939865], [-5.345089766043106, 37.83626530099665], [-5.344510839571734, 37.83987230523401], [-5.347861931975631, 37.8402021041188], [-5.350496301733418, 37.84336656765821], [-5.359907666199276, 37.844160575944805], [-5.364116791633341, 37.848221303766714], [-5.368450859248666, 37.8501347156719], [-5.378573756793182, 37.85252587821866], [-5.381760028105409, 37.851596441064565], [-5.38860707613424, 37.85810799291225], [-5.399348953333647, 37.86341343770618], [-5.405391093799954, 37.862569307207714], [-5.408323587451081, 37.86501444164441], [-5.408191246745119, 37.86863059887021], [-5.410905678852645, 37.871350414678986], [-5.414708920288525, 37.86946121180296], [-5.41378289736776, 37.875220305237264], [-5.414634269390081, 37.876923964077186], [-5.417553051156761, 37.87753083769325], [-5.415329119855651, 37.879054328112204], [-5.416880530114276, 37.88130229425491], [-5.416417173700802, 37.885213617834154], [-5.417924438051447, 37.88749849763047], [-5.422062978362045, 37.888882174190435], [-5.420797645588812, 37.89329653702088], [-5.414527197394748, 37.898011980152866], [-5.41370685497898, 37.90144395864754], [-5.414156774392414, 37.90616548572888], [-5.416733227967248, 37.90704970484373], [-5.416347297348097, 37.91263544619497], [-5.417965349126112, 37.91654896956232], [-5.422076278818082, 37.91842880056135], [-5.417241631298922, 37.92119545517269], [-5.41720464586198, 37.92284522494624], [-5.420202447034335, 37.925459841953206], [-5.416509099202157, 37.92835619015024], [-5.424265542335828, 37.92725044074998], [-5.423230516940142, 37.93072295274285], [-5.421066266113263, 37.92925366903666], [-5.418769016115219, 37.93170687877842], [-5.417962176276508, 37.93416540272609], [-5.419202640089425, 37.93556361324163], [-5.415284618214766, 37.93856367667316], [-5.414378515435416, 37.94112333426824], [-5.415611248346994, 37.94367516883422], [-5.419026496631854, 37.945461225116574], [-5.420627789439904, 37.94883437869338], [-5.426557014369893, 37.95023504867011], [-5.43417286038181, 37.95515077975219], [-5.435879607319356, 37.95824221202365], [-5.447264343190676, 37.96144797379123], [-5.447828170778749, 37.96334653690741], [-5.451632977079837, 37.96515957116639], [-5.452258003294975, 37.96718295406551], [-5.455144019909978, 37.96669024791166], [-5.45790817736175, 37.96902936790228], [-5.468937405857671, 37.97071761009399], [-5.47002023420286, 37.97449740116953], [-5.474648857603278, 37.97572466914108], [-5.476551327678256, 37.98321761859642], [-5.47906527018746, 37.984849639193385], [-5.48153283357677, 37.98949216995494], [-5.4852734830986, 37.99035028485855], [-5.487364735927216, 37.99361297424709], [-5.490344186314907, 37.99282904907529], [-5.49315335026071, 37.99576107704843], [-5.494247871077667, 37.99882853112655], [-5.490566742129937, 38.00916975371809], [-5.492036259272306, 38.01355385319958], [-5.489026005653496, 38.02893578418686], [-5.489968415641641, 38.03355634003219], [-5.495125677823859, 38.04184489898049], [-5.510428252313489, 38.05321479705919], [-5.513107409376484, 38.05924870974565], [-5.516099856589725, 38.06210412600706], [-5.523707666273111, 38.06593265764566], [-5.525612019217015, 38.068612952605314], [-5.525214036800024, 38.07327994966926], [-5.526850917266372, 38.07513699589103], [-5.532075309651385, 38.075907563701925], [-5.535400837798957, 38.0797824482097], [-5.539575177770257, 38.082152192933094], [-5.538781520708291, 38.093810940061275], [-5.546319277070922, 38.09943257777948], [-5.550840058619778, 38.1012266815852], [-5.557346317270855, 38.107960214751394], [-5.561741855702782, 38.10843211785601], [-5.581684254686166, 38.115474156008105], [-5.580504290610986, 38.11921239818387], [-5.580984971034699, 38.128005019945924], [-5.584788531372484, 38.13170574621367], [-5.584075071407536, 38.13411824373009], [-5.585806539083434, 38.13727883002979], [-5.585641364953823, 38.140355022835664], [-5.575859825420554, 38.149643488990655], [-5.573036379160004, 38.15047126107722], [-5.567323208039011, 38.14796526780465], [-5.561943808656765, 38.15074985777723], [-5.560098819081792, 38.14856450857502], [-5.556756493336725, 38.15022317684028], [-5.555726343098135, 38.15339924773548], [-5.552988871898513, 38.15441390916559], [-5.550680968779569, 38.160555121089224], [-5.539672959388922, 38.16068559699019], [-5.535784531612988, 38.168680837024596], [-5.540417714861744, 38.169977309891976], [-5.539590008955616, 38.171779253816254], [-5.542130314323371, 38.17656290370807], [-5.539976036592701, 38.1769789670828], [-5.539989682900187, 38.180988311572015], [-5.542343674084804, 38.18138786301097], [-5.543708499767369, 38.18485435903653], [-5.540335425588474, 38.18502649256677], [-5.5367371266998, 38.19187114875484], [-5.539237132745655, 38.193177663688914], [-5.537298317732526, 38.196526423588374], [-5.538707352205148, 38.20060470476547], [-5.530511756865024, 38.20332262158934], [-5.529228359869743, 38.201872596238786], [-5.526765827944291, 38.20528648321852], [-5.525514493618123, 38.20476375900165], [-5.523099461011675, 38.20592400475114], [-5.520377243205524, 38.20844232264089], [-5.520822522820504, 38.210757443145816], [-5.52326069602875, 38.21224583188495], [-5.522222352256441, 38.21392607184109], [-5.524338356366081, 38.22261169921117], [-5.522135564220194, 38.23224610184842], [-5.523784324007801, 38.249204229911015], [-5.530036213906415, 38.25518766874919], [-5.525957807719273, 38.26412368701903], [-5.528350243204775, 38.2652254789751], [-5.531794694821211, 38.26996271459864], [-5.537569636796088, 38.273009597733854], [-5.536474729703627, 38.276033681967384], [-5.537453002234534, 38.27950854298094], [-5.541105362635292, 38.27804188474055], [-5.544398527178087, 38.282331484768385], [-5.541712055133819, 38.28593079523231], [-5.544339752205737, 38.28850482703999], [-5.544624810103256, 38.2933912099871], [-5.546979573839003, 38.297628994263114], [-5.549748392648773, 38.29931681287677], [-5.552570207568741, 38.303490253576534], [-5.552469595358596, 38.305186387896676], [-5.550446627067981, 38.30651885819291], [-5.551231910034862, 38.310979873814794], [-5.555528666124878, 38.31773410407011], [-5.567682659018389, 38.32347843214411], [-5.575648011659631, 38.32910628013979], [-5.573216333270969, 38.3315023350634], [-5.571525897942339, 38.337396021903835], [-5.572303349396583, 38.34191109391381], [-5.567270424829452, 38.351328902863514], [-5.568705346951965, 38.35664047793394], [-5.56653433001427, 38.36061648369714], [-5.566911466126784, 38.36254539977378], [-5.560907775351303, 38.36461390374759], [-5.55924833369659, 38.36688465180042], [-5.561526825074815, 38.36788909498013], [-5.564670368918835, 38.36648684797735], [-5.566184978793553, 38.36757094469402], [-5.563159657732477, 38.371998044130194], [-5.56677702785461, 38.37719884991], [-5.571690256401618, 38.37760473002052], [-5.577371416057538, 38.38222826425773], [-5.579986269017486, 38.38108050814905], [-5.585066428798827, 38.385843022137024], [-5.58427721121101, 38.40097036270861], [-5.581230776147485, 38.40448834178124], [-5.578838283169803, 38.41223566489389], [-5.573368823188709, 38.421393032600285], [-5.572786892751001, 38.42758670796196], [-5.568921078265761, 38.43259102969436], [-5.561301339853656, 38.43609161178535], [-5.552793607800082, 38.4456207167596], [-5.549028349829349, 38.44671188888368], [-5.546428372072207, 38.44999407419578], [-5.542089287365929, 38.45008828978964], [-5.530868388931082, 38.45456606093891], [-5.519215645186288, 38.463466998586306], [-5.512516864993413, 38.463944257996125], [-5.503933644811556, 38.456658630020954], [-5.499385426019009, 38.45934167358519], [-5.494837903420773, 38.45872683696312], [-5.494160933022699, 38.46102985609181], [-5.492126996302428, 38.4618660491637], [-5.492764083298609, 38.464059952060865], [-5.491139325597022, 38.46646419890408], [-5.486681417134889, 38.46580208460194], [-5.484455579608726, 38.46338952979868], [-5.480209305244395, 38.474246709867735], [-5.481249776227301, 38.477513436869785], [-5.479489460054426, 38.484677751161406], [-5.474248157782474, 38.4859419120755], [-5.468897307758263, 38.48500963161193], [-5.458735682943527, 38.49429671962807], [-5.458235394093801, 38.49947909795802], [-5.450737152823924, 38.4981315450244], [-5.448179385105343, 38.50284334689242], [-5.444821393640056, 38.50492277589775], [-5.439997790008898, 38.50537480872039], [-5.434644092325242, 38.50438696825098], [-5.42781045794026, 38.51463840779951], [-5.425398720354255, 38.51487757700647], [-5.42023687137422, 38.51244352221927], [-5.418618024587241, 38.5127292612431], [-5.416533421088321, 38.520349891680056], [-5.410931206277994, 38.51984371017964], [-5.409429594127129, 38.52124420663778], [-5.410350651160988, 38.52409949226138], [-5.413538184606164, 38.52406987583046], [-5.41508692597005, 38.525452547664266], [-5.416025902597228, 38.53020858883157], [-5.403426878922049, 38.53627956172885], [-5.406869109004776, 38.54111940422224], [-5.406932007244391, 38.54369506914092], [-5.397642255803373, 38.54655279058011], [-5.389103604636021, 38.539194757776414], [-5.385106885850956, 38.53906004492354], [-5.383169055391364, 38.54047804592196], [-5.383653242837909, 38.543675850157875], [-5.391750256160399, 38.54913312184596], [-5.392720576804479, 38.5534832400951], [-5.391559851947743, 38.554813471728195], [-5.385866121267813, 38.55474047699026], [-5.383576706375713, 38.555949422237674], [-5.383727350255607, 38.557730389203975], [-5.38891422090953, 38.560507911873664], [-5.389807119352477, 38.56217458805518], [-5.386012797289079, 38.566811174891896], [-5.375685959717225, 38.56826472865595], [-5.369485494775369, 38.578301643710994], [-5.371747893733609, 38.58357185302235], [-5.368626150204926, 38.58498661319147], [-5.356577509931304, 38.58548216357727], [-5.34590590703821, 38.58314669583231], [-5.33573413665065, 38.57850259696945], [-5.328886324155482, 38.578296680811256], [-5.327011152983682, 38.57994681658461], [-5.323816906428389, 38.58055988901918], [-5.312101362360442, 38.57711572214592], [-5.308513297977907, 38.577619051819475], [-5.306672351720028, 38.57891676673625], [-5.305921637721929, 38.58200408482347], [-5.306872134344297, 38.58623824603588], [-5.310913565874332, 38.59019513278561], [-5.310229847331797, 38.59357846260851], [-5.300634215943285, 38.599047559844244], [-5.292236313713036, 38.610807514706664], [-5.287091274906953, 38.6129720927682], [-5.279283363697439, 38.61228810512531], [-5.273359889781888, 38.61563587420331], [-5.270636257129288, 38.62104140812101], [-5.26677285012891, 38.623098583758875], [-5.256565825358069, 38.62468398507583], [-5.254208089995396, 38.62605290488056], [-5.255124156887812, 38.630731771645], [-5.253995103933079, 38.633194764751906], [-5.245000333180259, 38.63208652579658], [-5.24447959418313, 38.63343119512542], [-5.24778029469284, 38.637602671755296], [-5.247459749748327, 38.63984456913152], [-5.241985354423113, 38.637074677994974], [-5.239765276894524, 38.63661324161899], [-5.237547271779365, 38.63769185992374], [-5.235633585339698, 38.64303326583733], [-5.231457113666226, 38.644320940171966], [-5.229428034136713, 38.64706270510732], [-5.222385123731585, 38.648928303035184], [-5.223939239715818, 38.65645623692082], [-5.221956117098003, 38.656989497803764], [-5.219536205741168, 38.656027372688236], [-5.217234182994106, 38.6491950602127], [-5.214744461759946, 38.64856642378545], [-5.211660118689805, 38.651769920150066], [-5.212329864836406, 38.6559836528775], [-5.208018591073088, 38.6678967886395], [-5.204159494189539, 38.66610273494551], [-5.201559484093024, 38.657763604167734], [-5.199426152379846, 38.65639028894912], [-5.197749235797925, 38.656790607144664], [-5.196873260716613, 38.66047318307402], [-5.198525446678744, 38.66451652213819], [-5.197659877681708, 38.66702745957016], [-5.194859220781635, 38.66677314567238], [-5.190321921011329, 38.6604438879993], [-5.184970100806718, 38.659417692131484], [-5.179070531060846, 38.66572522319406], [-5.187406783709787, 38.670390084689686], [-5.185763368898101, 38.67417139883018], [-5.18277676073421, 38.67612772781546], [-5.168007774743611, 38.67732034501997], [-5.167321232796168, 38.680469731921576], [-5.173448563195743, 38.688465343213], [-5.17548084342258, 38.700526791038875], [-5.181347031772399, 38.70664586192214], [-5.179871170727551, 38.70916804419778], [-5.180311951579553, 38.712321922827414], [-5.184502982248825, 38.71969525078416], [-5.171430314653659, 38.71753341359417], [-5.169420592021877, 38.71306558811741], [-5.166606719107368, 38.71166707878118], [-5.165073904873439, 38.71193874582195], [-5.164009953725669, 38.71403082768904], [-5.152762190273968, 38.71632874586631], [-5.147980847885422, 38.71604724414663], [-5.142542979856313, 38.713804332101056], [-5.140972636704761, 38.714752124715396], [-5.137164360211734, 38.71392974998693], [-5.132351475278631, 38.715288071123595], [-5.119001175260084, 38.71614339983822], [-5.109070536050979, 38.71048427006486], [-5.099189540439468, 38.70765256106088], [-5.092465646046233, 38.70895343312114], [-5.088766499588923, 38.71224525688897], [-5.080301700717782, 38.715405598235776], [-5.068537988984337, 38.71746147171322], [-5.063216548904284, 38.72118671510319], [-5.061616002596239, 38.72432356161339], [-5.050652528982539, 38.726273462804826], [-5.046948468740602, 38.72908655215164], [-5.041794795328027, 38.728672115127665], [-5.035409177724708, 38.7261884700216]]]]}}, {"type": "Feature", "properties": {"Codigo": "18", "Texto": "Granada", "Texto_Alt": "Granada", "Cod_CCAA": "01", "CCAA": "Andalucía"}, "geometry": {"type": "MultiPolygon", "coordinates": [[[[-3.389706288728372, 36.708126400041], [-3.390098218296914, 36.70814314113808], [-3.389842591903054, 36.70851359117047], [-3.389706288728372, 36.708126400041]]], [[[-2.549750278027263, 38.08289109868567], [-2.546796063112482, 38.079346705834475], [-2.539304800854173, 38.075739537889426], [-2.531186101302406, 38.07408510405423], [-2.522559579629057, 38.0699405510113], [-2.504397994576957, 38.06832416822912], [-2.491454067240104, 38.05911187487526], [-2.481769437061506, 38.05525714479433], [-2.48070174173567, 38.05311637025415], [-2.478399536630543, 38.05308815966229], [-2.471639697947915, 38.056383683935486], [-2.462349733606213, 38.05018579889723], [-2.458538269890617, 38.05082621569963], [-2.436096387681147, 38.043411230736616], [-2.432108177738477, 38.04333793471719], [-2.423408481098625, 38.033705933222535], [-2.411547218613577, 38.03217801525719], [-2.403325821861967, 38.032902627748484], [-2.397191820573132, 38.03195196212403], [-2.373074972024221, 38.02328151611549], [-2.357917877898326, 38.02244252624343], [-2.352351589411168, 38.02446688702195], [-2.34162800460592, 38.02600251199908], [-2.323087123891387, 38.0139820577353], [-2.312106392742794, 38.01022296989904], [-2.298468548289987, 38.002120803648694], [-2.299181992983589, 38.00016024210044], [-2.297225749755695, 37.989125810223584], [-2.280078917818221, 37.96311882884114], [-2.266803998130105, 37.952933145085396], [-2.258821024136354, 37.94992676170924], [-2.253417031576618, 37.93956371169633], [-2.247153300984331, 37.93443140507724], [-2.241058993552941, 37.931724364855036], [-2.237906136874416, 37.92849534456501], [-2.229556334037725, 37.92611547566469], [-2.227704784066286, 37.92364279926509], [-2.222829873157784, 37.924133355811136], [-2.220071041817364, 37.9214111945688], [-2.207664625922347, 37.91656929115577], [-2.250774197892198, 37.897177199172766], [-2.265379959995603, 37.88094711658198], [-2.278548830869447, 37.88434553123235], [-2.288514288778922, 37.885136384820875], [-2.294943769320891, 37.876315522661336], [-2.296365762889815, 37.86546348296627], [-2.294861754033735, 37.84788820184111], [-2.293842157203168, 37.841564031056365], [-2.29087958166811, 37.83760747371759], [-2.289381349877649, 37.8314786325962], [-2.293560976434352, 37.82812400760163], [-2.301769747364703, 37.808281515597926], [-2.300224479785973, 37.80348643187457], [-2.29127331415545, 37.789192307011405], [-2.28548921026302, 37.785993749812036], [-2.276780838592477, 37.776215452814576], [-2.287069916379651, 37.751402464075966], [-2.288743318752181, 37.75208858163776], [-2.294717313020908, 37.74816786465056], [-2.294271328228474, 37.74611923603702], [-2.297197023429555, 37.74400061788283], [-2.29689150999467, 37.74149319357696], [-2.307514035228795, 37.72326872611548], [-2.30807279721696, 37.720523041098076], [-2.305022252361073, 37.71913506263295], [-2.307949339052548, 37.71670975617706], [-2.306591531009028, 37.710212441073935], [-2.313274441563997, 37.711369180088404], [-2.323337490649233, 37.69386988397912], [-2.325660660636483, 37.681544271744635], [-2.325792127281653, 37.67200917064783], [-2.321128975336739, 37.659832612094306], [-2.319509631781405, 37.65962500415734], [-2.319954803598529, 37.648090704707805], [-2.31654881874091, 37.64495246985642], [-2.315470275359654, 37.641431026213425], [-2.308858367644752, 37.63571415796806], [-2.310418443052554, 37.630008918688254], [-2.316703531989022, 37.621834512039406], [-2.340429183096341, 37.623420781646175], [-2.345432453377494, 37.62921707960933], [-2.356469677777676, 37.62536616359181], [-2.359564503288894, 37.62126397569772], [-2.363766681152459, 37.62146702471133], [-2.373877606849125, 37.629209437252705], [-2.381567386903805, 37.62982688406101], [-2.391269500992771, 37.63248221276458], [-2.389778097296774, 37.629139558956375], [-2.388792477445154, 37.61800312068771], [-2.380320210879075, 37.61213629456749], [-2.375979735580867, 37.61225760472293], [-2.367894969889039, 37.59157413399242], [-2.36793128069108, 37.58861797068371], [-2.369936367117643, 37.585897657233915], [-2.369807651113869, 37.58101176002551], [-2.374567115033662, 37.579324557147324], [-2.374930665025749, 37.57783030485782], [-2.36788863676623, 37.57222251964482], [-2.36745665131916, 37.5630446545683], [-2.374297878264893, 37.55734863580954], [-2.355728685347576, 37.546991483062584], [-2.35540442766597, 37.54520507810697], [-2.357871453862769, 37.543974662920924], [-2.357430493347639, 37.5412772847909], [-2.360439822600007, 37.53749900723085], [-2.35875548593386, 37.53592151696477], [-2.360419305078928, 37.53459657564507], [-2.358510066198267, 37.522291948766465], [-2.362637205091231, 37.52003390278828], [-2.365524249378865, 37.51986917060327], [-2.366873451561961, 37.52090394725441], [-2.381149414276847, 37.52291759404243], [-2.394398820912542, 37.517623340019604], [-2.395569180200652, 37.514222268901406], [-2.397216694024992, 37.51338346113124], [-2.402947487396936, 37.51555778057883], [-2.407199572064407, 37.52445744003594], [-2.411699928618646, 37.52493964389915], [-2.414815763927707, 37.52157509502892], [-2.413476055140511, 37.51924300600382], [-2.416036398329002, 37.51597480568966], [-2.423777550339853, 37.51287617962119], [-2.432623112720553, 37.51176532326709], [-2.434281135935418, 37.509474850116554], [-2.440084202365165, 37.51117003423537], [-2.444790429426276, 37.509750083603], [-2.456322559072618, 37.509425230251736], [-2.460160436850917, 37.50755004292997], [-2.458744076617124, 37.50470432785699], [-2.461966579679658, 37.49868901920348], [-2.458344574250716, 37.49425585716912], [-2.45752098442519, 37.49082692408683], [-2.474099438807706, 37.48346581973284], [-2.503088847374031, 37.48351033510266], [-2.514154095617847, 37.47952733702553], [-2.51540455408656, 37.476801364809], [-2.52629893288186, 37.46918411505312], [-2.530010898298291, 37.46515185421328], [-2.534814839604473, 37.46365659205562], [-2.535051020167337, 37.462044122074666], [-2.540884109192216, 37.4586237622075], [-2.54659529144314, 37.45658171523879], [-2.550893254868897, 37.456345763644414], [-2.556695033114499, 37.45038269200965], [-2.561591960832327, 37.450130540038195], [-2.568453560670415, 37.446388175017695], [-2.569319145837143, 37.443308709805024], [-2.571415211839003, 37.4424960721736], [-2.571738036707739, 37.43744061118852], [-2.574907007365826, 37.434765978781584], [-2.57432734607262, 37.43333974461252], [-2.576858103247222, 37.43154611915333], [-2.577267901205105, 37.42903275276177], [-2.596785551569043, 37.421024790617196], [-2.602477659891556, 37.417483730834334], [-2.605156792699983, 37.413039929559396], [-2.615059700916178, 37.40569044624587], [-2.635623525666818, 37.39420913589117], [-2.638520914054953, 37.38844027805452], [-2.641801408758908, 37.38750380968374], [-2.641306187305746, 37.377668294965694], [-2.64318934000886, 37.37594335711304], [-2.63508911431101, 37.36472345786589], [-2.636979618826449, 37.35910466522865], [-2.635721748358288, 37.35303451916822], [-2.637596669798453, 37.348235923217025], [-2.637292924248089, 37.34333146855473], [-2.646494242837466, 37.34331432908885], [-2.654601375681607, 37.34060711423477], [-2.653391032380186, 37.33134630473677], [-2.650481576024457, 37.32585730765797], [-2.654307177426008, 37.32111826863487], [-2.654594046327176, 37.31763072517439], [-2.651041445635404, 37.314663693255696], [-2.65087167482647, 37.312328626027146], [-2.651744828299525, 37.30898699316934], [-2.656027919217422, 37.307629439792905], [-2.65503330543316, 37.30551731467673], [-2.657204401422536, 37.30203522412174], [-2.659825739320479, 37.30125856262281], [-2.659034825713429, 37.29901185472819], [-2.663030630911856, 37.296138819892654], [-2.662151307809484, 37.29345020986341], [-2.665651091155826, 37.2853295591771], [-2.664271162098374, 37.28360399514216], [-2.665100762551509, 37.27969427773829], [-2.66323161638025, 37.27641689668098], [-2.664320395165916, 37.27256199926503], [-2.661707425074742, 37.26667745882722], [-2.663980432238199, 37.262780897956155], [-2.667512474984651, 37.24952223562405], [-2.666294163626652, 37.24709408215834], [-2.666288903092405, 37.23808902020733], [-2.664344400845243, 37.23674041923821], [-2.663787146230051, 37.232763645954], [-2.662833799253347, 37.231679255112496], [-2.65991273666417, 37.231968351666254], [-2.657626768607862, 37.228924000237974], [-2.660115366947831, 37.21199380486168], [-2.664612936928034, 37.21182634315237], [-2.669108736328771, 37.2172023449352], [-2.67251139562322, 37.21748227587947], [-2.676474158988904, 37.21593376312871], [-2.69009037470454, 37.21843106557653], [-2.692732737671789, 37.21723011566735], [-2.694161223365229, 37.22075828113311], [-2.699405768555293, 37.22274582994744], [-2.703814597561773, 37.222369375042874], [-2.706746059946969, 37.22507188020497], [-2.709855781322231, 37.22543113024953], [-2.710687693140567, 37.22894863667456], [-2.714251197583216, 37.231589433752845], [-2.716562482859183, 37.231522873197484], [-2.718526795653311, 37.23379911699419], [-2.719997906407015, 37.232288239148936], [-2.725323135580962, 37.23113796291283], [-2.730401187914536, 37.23285330856558], [-2.733023373822193, 37.237321205004584], [-2.736502079997019, 37.23229018457127], [-2.739866965133757, 37.230702133900145], [-2.739986433880016, 37.228755408803664], [-2.746214343252017, 37.22719151870956], [-2.752919318226985, 37.227854720064485], [-2.759032807384699, 37.2267136226401], [-2.764709991995378, 37.2316648116637], [-2.762090039299571, 37.2331017968115], [-2.767453770266579, 37.23756545467858], [-2.77208274760313, 37.23910690016022], [-2.778209573149463, 37.24899798796663], [-2.77857366662235, 37.25170287292524], [-2.777193342306247, 37.25326873211703], [-2.774745193306804, 37.25366068108644], [-2.779256976431423, 37.25711259891473], [-2.777037402857766, 37.26022723892398], [-2.779003858133824, 37.26265572625238], [-2.794847201356401, 37.263432581038046], [-2.802165395988748, 37.268186499860676], [-2.808344699317379, 37.26875563802758], [-2.81488117280297, 37.27089339872408], [-2.817110916203961, 37.272348122579345], [-2.819363670849308, 37.278327929794834], [-2.825409936379308, 37.2783009885707], [-2.829432356862979, 37.28033506211303], [-2.83471723012109, 37.27780967890775], [-2.840105555163945, 37.27949373768286], [-2.8453853718053, 37.27922141572347], [-2.85114455014354, 37.27611900975075], [-2.855670946162886, 37.268625035987775], [-2.856088832551588, 37.262450972693365], [-2.859792581078109, 37.25396428695937], [-2.859111270918896, 37.25048403021122], [-2.863898580815844, 37.2470373191394], [-2.869426126761458, 37.24555631403998], [-2.866521647072424, 37.243047152704094], [-2.87496343290259, 37.2314554128157], [-2.875235608958967, 37.223703614989226], [-2.872829841576355, 37.219888072940286], [-2.880272022582517, 37.20395003979981], [-2.879197237752376, 37.19255513163502], [-2.880986144605846, 37.187103436613285], [-2.882844028598332, 37.187817408674924], [-2.888812733586724, 37.1820722946021], [-2.889248284447155, 37.17702477600526], [-2.89530041058608, 37.167051722580844], [-2.911006320553363, 37.16350423916866], [-2.914695119316914, 37.15849511962555], [-2.917825580995451, 37.15895714966692], [-2.92914672333104, 37.15656683107639], [-2.928429864141059, 37.15248297694097], [-2.931422199963173, 37.143777158590446], [-2.930581431654489, 37.13980141382747], [-2.933749370148316, 37.13530517908735], [-2.937015076786139, 37.134667004915734], [-2.940902573009071, 37.1306578050449], [-2.941729182072263, 37.12465477399199], [-2.943903550624242, 37.122438374006954], [-2.946988156002449, 37.12220546212397], [-2.946719170761961, 37.12056473717798], [-2.943669986853727, 37.118697349579605], [-2.942876096229781, 37.11177405657959], [-2.945085674249333, 37.10710577481813], [-2.948327731838953, 37.106151836229245], [-2.950009224438896, 37.099482023854044], [-2.948964624798961, 37.09655196563629], [-2.969738234016171, 37.096568421821715], [-2.981138823355533, 37.09296529677549], [-2.985279886135463, 37.092902845261115], [-2.997050151977164, 37.09580645520289], [-3.000257384578123, 37.09497723324031], [-3.0039371768327, 37.09711357259008], [-3.011208359032967, 37.1086153370917], [-3.013594624889066, 37.10966978007849], [-3.015013394404412, 37.113284285140146], [-3.01768086258886, 37.112391546778206], [-3.022082083763252, 37.11333739290316], [-3.026394095043399, 37.11657261310807], [-3.02957839275688, 37.11325470678768], [-3.025591367691984, 37.105305068176186], [-3.025815644679101, 37.10270891965992], [-3.021976927874355, 37.098914686757006], [-3.022144030686905, 37.0925326508071], [-3.024438635146374, 37.08939526271407], [-3.023964615730512, 37.08457276318106], [-3.017626901688073, 37.07007893611867], [-3.016556983930184, 37.063787105171905], [-3.017444795213689, 37.05975767358109], [-3.015373998820696, 37.053691286118564], [-3.016228550879161, 37.05221288894958], [-3.005981681333887, 37.034590759647244], [-3.005711221958052, 37.023340911219016], [-2.999066938960282, 37.02133075362307], [-2.998943561644225, 37.01221730121116], [-2.993334171989735, 37.01347000960722], [-2.989097322749378, 37.00730378883612], [-2.982510913713797, 37.00596875675276], [-2.982736260594342, 37.0036070686257], [-2.979579227648106, 36.999126375967855], [-2.980108059567593, 36.99687290879253], [-2.976829536665706, 36.98699249194091], [-2.978381983580123, 36.981385851003566], [-2.976214393715284, 36.97812218199297], [-2.978417935954388, 36.973849809916416], [-2.985013478161502, 36.97191286796185], [-2.986148977426729, 36.968235163221046], [-2.984767980272499, 36.96443086865733], [-2.990498171773114, 36.958184611960064], [-2.995968671104893, 36.95664357498411], [-3.006639906586997, 36.95733778394887], [-3.011761865876723, 36.95572392182113], [-3.014176978433265, 36.95637274024107], [-3.017220537989514, 36.95395651975082], [-3.022185271443326, 36.95408198662289], [-3.029337855364817, 36.94752708580632], [-3.032210964985747, 36.94228900220616], [-3.030265320081588, 36.935068892245404], [-3.028389612615543, 36.93408675978057], [-3.031375986319073, 36.93240036604269], [-3.031846643340828, 36.93011959461073], [-3.029499139789275, 36.92824514197913], [-3.031306717227539, 36.92765879356746], [-3.031316719069899, 36.92458485310205], [-3.043620670428651, 36.92113764072936], [-3.04588788076349, 36.91986578279649], [-3.048063674043492, 36.91606987508073], [-3.057187673738103, 36.91154077792447], [-3.066292741438081, 36.91241959090847], [-3.068698983131169, 36.916745230098115], [-3.07193462944463, 36.919285460170045], [-3.068967388059982, 36.91564531892976], [-3.068105866871572, 36.90620762301629], [-3.070514681339644, 36.90117620271893], [-3.06971646622595, 36.89963516296393], [-3.067281075998517, 36.90002416061929], [-3.065270840428743, 36.89873619293091], [-3.056640736273978, 36.88505636861422], [-3.050467480403892, 36.88349951415852], [-3.043271736026244, 36.87912112289693], [-3.043382495605827, 36.87658798174147], [-3.035757425692582, 36.86360032518476], [-3.03207649437425, 36.86094194707759], [-3.02900750980055, 36.84443687768696], [-3.037381640811709, 36.83539302721419], [-3.042807687910003, 36.83187556572029], [-3.073954240731012, 36.824676210922014], [-3.077447661310162, 36.8196528172027], [-3.086277858007946, 36.815022325095214], [-3.092684603986739, 36.80977102966416], [-3.107956659112775, 36.80369149923998], [-3.117072971025176, 36.79800373092264], [-3.129810414305735, 36.79355548687898], [-3.135776561790484, 36.78902347807186], [-3.138175484010639, 36.78926415564172], [-3.14019023361467, 36.787783414168516], [-3.13999473415773, 36.785079228807426], [-3.13400344103154, 36.78131788486068], [-3.135947145574729, 36.777763911632476], [-3.136845788743896, 36.766431335223835], [-3.132862303939582, 36.75659160878673], [-3.128696320097121, 36.750889753645644], [-3.134632561767734, 36.75029731714442], [-3.145185806232172, 36.744758997054866], [-3.158543353858449, 36.74735645282197], [-3.167140505113617, 36.744658403226104], [-3.174352538642358, 36.74884903403747], [-3.179402409028831, 36.74786801463388], [-3.186756655748505, 36.75025475823159], [-3.193553203186952, 36.74899091014422], [-3.197163308633336, 36.75016598458794], [-3.202741745936387, 36.750066509904016], [-3.207570810426116, 36.74627204774527], [-3.211376380295099, 36.74518361576702], [-3.226850752192799, 36.750717447664165], [-3.231704110721072, 36.75163663899189], [-3.233872940260968, 36.750181035843106], [-3.244450215557573, 36.754477984737676], [-3.249850664263545, 36.754683164795956], [-3.262188433599476, 36.75241212017289], [-3.282870332012673, 36.743855076724394], [-3.30487966822634, 36.7379053021327], [-3.317630488319814, 36.74179352673681], [-3.322714229684093, 36.741428292051296], [-3.32945634191128, 36.73863337584089], [-3.337509791434053, 36.738701019820226], [-3.347028467745299, 36.73335509788376], [-3.354301866987719, 36.724634576990276], [-3.362735583251712, 36.717767062192976], [-3.36198914703099, 36.716191762707375], [-3.364684402802067, 36.71549842419854], [-3.364723685231167, 36.7143444116375], [-3.369233827133763, 36.71387079985286], [-3.36950592773156, 36.712238263567166], [-3.371126278298374, 36.713900992206085], [-3.372919921069997, 36.71203835665005], [-3.376749052850629, 36.712017307115666], [-3.376991338364207, 36.713476963797106], [-3.379781283752785, 36.71160204319995], [-3.382057896753786, 36.71234298374233], [-3.384961506873571, 36.71083721620295], [-3.38849031209182, 36.711222426244895], [-3.388456515674175, 36.70895082812348], [-3.391962482124581, 36.70926391421954], [-3.392758402941067, 36.70726000692037], [-3.396260812062961, 36.70688782672732], [-3.397976823326, 36.70531356308143], [-3.400450885128118, 36.70743277125487], [-3.402812261362661, 36.70724452594491], [-3.407473496302726, 36.70159445374171], [-3.412394238358782, 36.70273142360682], [-3.417261405789555, 36.69600746219011], [-3.42035181518281, 36.694094501900466], [-3.428676291816643, 36.69540806267594], [-3.452056078963081, 36.69457343468008], [-3.461827462143639, 36.69626681179201], [-3.469120329674826, 36.69345268219274], [-3.475329367239374, 36.696502055629246], [-3.482097769561654, 36.69761960096073], [-3.515461538777043, 36.721693051957615], [-3.519430280430947, 36.72235422519666], [-3.521212747262053, 36.71946223179783], [-3.522591928921152, 36.7200942352141], [-3.520622324151681, 36.72155757411909], [-3.521985326254195, 36.72217873594256], [-3.523927348252886, 36.71992453008369], [-3.522792788625465, 36.72301209787944], [-3.525919525888754, 36.72415739110196], [-3.527967788042815, 36.724383573814045], [-3.528300094629357, 36.72337734025899], [-3.528693804658809, 36.724337396115814], [-3.529382719955282, 36.721559385752954], [-3.522148205188238, 36.7175192985501], [-3.530487578584473, 36.72143751295644], [-3.535287308588536, 36.722434610895164], [-3.540057646614827, 36.72082641002775], [-3.548192362229749, 36.7152270870989], [-3.55418137363512, 36.715018952820095], [-3.580155300387695, 36.72350381095027], [-3.591723327611198, 36.73518372957961], [-3.59387623361439, 36.73550651615605], [-3.593331028102088, 36.73742934910776], [-3.602077677885198, 36.74448881500753], [-3.612845846976333, 36.74353226406776], [-3.622202755569618, 36.74122997857329], [-3.628609318292042, 36.74255740770154], [-3.646771631877905, 36.74315416183006], [-3.649341021101312, 36.744988154583524], [-3.657866853309406, 36.746464794847746], [-3.661541020313644, 36.745298619758024], [-3.661820117889294, 36.743092282681715], [-3.66648637171689, 36.740604630781924], [-3.675748040025381, 36.730090842587224], [-3.69067500823339, 36.730630644729075], [-3.694584586842666, 36.72761274694432], [-3.703372503433211, 36.733680478863064], [-3.709391744944572, 36.73162383924955], [-3.714309278218328, 36.73313315106655], [-3.718603061783063, 36.73258453715165], [-3.722801775742924, 36.72957581658531], [-3.724770897218776, 36.73003332670032], [-3.726847265861418, 36.72872608157577], [-3.726373877062913, 36.72509094004528], [-3.725520852140422, 36.7282419056005], [-3.725237123749524, 36.72603252511817], [-3.729090848707709, 36.71938316718934], [-3.73560016971551, 36.7203176598331], [-3.73481821590512, 36.72176573316487], [-3.736876664056149, 36.724186842111095], [-3.735311832068898, 36.72783528714837], [-3.749250303121392, 36.737825047811874], [-3.754174995069722, 36.738433374925265], [-3.762014659927849, 36.735036406238606], [-3.762474008058456, 36.730974101697456], [-3.764592460975571, 36.7289516035737], [-3.766639972138035, 36.729875967212394], [-3.768525649107167, 36.72916967965938], [-3.773075651055529, 36.73170937080801], [-3.773691192857848, 36.735013735989305], [-3.777438989376063, 36.73791906790608], [-3.777341155655048, 36.74487893105482], [-3.779383046058835, 36.746298880229055], [-3.781483342227396, 36.751261157048916], [-3.779539978145694, 36.75295060295344], [-3.77923013123792, 36.75886616414472], [-3.782278302744834, 36.76445324580421], [-3.779485330932034, 36.76747339965165], [-3.777653825069495, 36.77472404317072], [-3.774714259880434, 36.77548238679419], [-3.770420110701433, 36.78309147170482], [-3.766632488273436, 36.7853786047617], [-3.767146427023888, 36.7919558637759], [-3.771014622942965, 36.79655535610136], [-3.770869200071499, 36.798818910769434], [-3.768143053932696, 36.801955571558615], [-3.770793684993768, 36.80469687879277], [-3.77784756203187, 36.807165986932816], [-3.78649958238466, 36.812382567253046], [-3.786418551651035, 36.815420964697886], [-3.790610053037521, 36.82069370057032], [-3.795333674177435, 36.820995739708856], [-3.795376515731638, 36.824042355943504], [-3.793384806117992, 36.82662477011459], [-3.796093348870482, 36.83153758293749], [-3.815199700191819, 36.841837881979366], [-3.815320256797857, 36.84684904900316], [-3.821493649211881, 36.84934859685629], [-3.826695380695529, 36.85532517672459], [-3.831478550257341, 36.85677016458117], [-3.83846258238384, 36.856342522031674], [-3.842330842981579, 36.858208237940744], [-3.85878022383078, 36.851528118248915], [-3.861029402282968, 36.8510430802001], [-3.864090894008924, 36.8529680189766], [-3.867609701876354, 36.85067974765648], [-3.875757330773457, 36.85300887764637], [-3.877706901315469, 36.854770311069196], [-3.877137054116645, 36.85692894124977], [-3.882552820894805, 36.857691129212554], [-3.880794283386208, 36.85987662486857], [-3.883032365848003, 36.86036483760927], [-3.885087559402777, 36.86347753898247], [-3.890564729623848, 36.867547173860906], [-3.895498206197308, 36.86536472923642], [-3.899101427853709, 36.86743784760507], [-3.904821486357926, 36.86823278394698], [-3.909569530893827, 36.86747542210005], [-3.912554338833854, 36.86939968399135], [-3.918597162019684, 36.868082112919524], [-3.921614218580083, 36.87079912471328], [-3.924102665104836, 36.87898278814377], [-3.92952478656534, 36.882879798127874], [-3.940034506755942, 36.88431157517249], [-3.944134557849841, 36.88646053398787], [-3.946450146056081, 36.88495472314879], [-3.952119669833979, 36.8878661607973], [-3.960004724766813, 36.88753228956471], [-3.961532028734802, 36.88940394068154], [-3.970779207217757, 36.89205107398246], [-3.972688411064136, 36.89126926305688], [-3.982727175992331, 36.892583910976285], [-3.999211442017311, 36.8898323716977], [-4.012199605093656, 36.89605947978311], [-4.014154285252997, 36.898738068623295], [-4.0356292137041, 36.904835784862364], [-4.045693231173231, 36.902863723089645], [-4.047975962599633, 36.903988440097386], [-4.053772959113006, 36.91497049068878], [-4.063650648924253, 36.921345662671456], [-4.072245707104813, 36.92420698116599], [-4.074154012635919, 36.92657851591518], [-4.081624098908066, 36.930017207065504], [-4.08706436813392, 36.93042726482363], [-4.092000115648401, 36.93324851462162], [-4.099159474663849, 36.94231375711247], [-4.099892905075879, 36.95270917057555], [-4.11132716686534, 36.949655152133026], [-4.14199893580415, 36.951897174249495], [-4.147444222120878, 36.95401702964098], [-4.166640790347761, 36.95707506819371], [-4.169239196053235, 36.96246694611074], [-4.177132940389803, 36.966652525561436], [-4.188026808043698, 36.97733369171701], [-4.191766235856666, 36.978657372759294], [-4.19326846515007, 36.98060729899259], [-4.207153699343885, 36.98618175891643], [-4.215422554092027, 36.99176717995386], [-4.220673831256798, 37.00535126209533], [-4.224399286673838, 37.00918882619047], [-4.22334824431671, 37.012336435747066], [-4.231335540105257, 37.01694106822], [-4.251926502062292, 37.02298132613481], [-4.255056457091021, 37.02258767459331], [-4.256276099752233, 37.020195141012294], [-4.260443805665134, 37.01730264002068], [-4.27251017598749, 37.01490240564579], [-4.270036783430251, 37.02703438884228], [-4.271649659115551, 37.0300457530345], [-4.272755140277248, 37.04172473666011], [-4.281001706026486, 37.05671597398711], [-4.284648233666069, 37.088891371961076], [-4.283460788421192, 37.0918697021796], [-4.286583669217018, 37.09822650873438], [-4.285632460230703, 37.10853038270893], [-4.287260864193993, 37.11164945672912], [-4.287067624898218, 37.11952041604364], [-4.291538340641289, 37.13025202401434], [-4.297517562206696, 37.134296928648425], [-4.302872035136393, 37.14520770492352], [-4.308625206440388, 37.15171520495209], [-4.31334244505023, 37.1601267218223], [-4.323364180615534, 37.18072819026185], [-4.327617761876365, 37.18433108777544], [-4.323696470134083, 37.190089420877214], [-4.320627066945426, 37.191746063648196], [-4.2955655401623, 37.19938663589079], [-4.292667216627958, 37.20122094898958], [-4.291599145806296, 37.204008752790756], [-4.283147713866596, 37.20732735810399], [-4.282708967698674, 37.210036150007255], [-4.263447683042036, 37.22748576599416], [-4.255309976037229, 37.22956420522731], [-4.257617343760252, 37.250396757555], [-4.260843537101997, 37.25386863896802], [-4.26325245667291, 37.260377668565276], [-4.248127936357532, 37.26911875969162], [-4.241486795666622, 37.28982911457795], [-4.236508594670092, 37.297218083899864], [-4.23520337220666, 37.31192340964858], [-4.239118153858073, 37.32768278625834], [-4.238197312419862, 37.33346996811381], [-4.236418969754195, 37.335850006646226], [-4.228485103962083, 37.337338691092846], [-4.22307232677721, 37.34046828219729], [-4.223358509365442, 37.34210575513007], [-4.209334374069181, 37.352470920138785], [-4.204034834017416, 37.352912523192515], [-4.194783031007344, 37.350473566791464], [-4.187121558663843, 37.35076696458848], [-4.183565442864392, 37.349351464118705], [-4.173167533282216, 37.34864379385529], [-4.161966078881832, 37.341940255256524], [-4.157839073837797, 37.34225109393113], [-4.150295375119665, 37.35170749995721], [-4.144841945574894, 37.36285574967149], [-4.130202345731369, 37.37307336477678], [-4.127219284116266, 37.378257403072205], [-4.119323233804337, 37.38273990289989], [-4.105466543578649, 37.38753907910456], [-4.102352723190783, 37.39011892507997], [-4.102611278092512, 37.39389302410924], [-4.098266266302098, 37.39651127657292], [-4.098228494839338, 37.40011694396549], [-4.091871264897343, 37.40114019918874], [-4.085943499729708, 37.40374553708916], [-4.072321126961141, 37.40240967261244], [-4.066736340365583, 37.40456030372869], [-4.053726141615329, 37.40255886800659], [-4.031168966927376, 37.40627300476327], [-4.017464261766293, 37.401326232868435], [-4.015249953218547, 37.40217448790019], [-4.000820770255539, 37.4020902978036], [-3.989042177929486, 37.393915174993964], [-3.982966280571521, 37.388008010793975], [-3.97318579566053, 37.3881700537629], [-3.964969539967283, 37.38346034689126], [-3.957297399231552, 37.38149470424629], [-3.950887059991605, 37.3783466589417], [-3.936606182593857, 37.37983076383915], [-3.912270428084939, 37.37839866794717], [-3.904877771200364, 37.3807359328981], [-3.900858396903795, 37.38371405964141], [-3.881227018926519, 37.38762975856947], [-3.857744035116862, 37.387820588643315], [-3.842244860734157, 37.38575080206253], [-3.836366560399343, 37.39553623985847], [-3.830500090876888, 37.40140941262197], [-3.825415641640077, 37.4024275179018], [-3.824232392425978, 37.405806894660394], [-3.824878272132076, 37.40803773857833], [-3.827487747776749, 37.4100294979188], [-3.826531614225951, 37.413515415795636], [-3.818028680972759, 37.421362382083295], [-3.817094257905783, 37.42689413558577], [-3.813539833633975, 37.43056917223401], [-3.813608947316984, 37.43277705578693], [-3.810961498088656, 37.437788723618034], [-3.808773311651031, 37.43928197587727], [-3.807126105948784, 37.444845590090935], [-3.802361112000114, 37.45280099700004], [-3.808314951667201, 37.45763667859097], [-3.808728136273674, 37.45925627306199], [-3.802038836900374, 37.46074411188707], [-3.799507413175839, 37.46300566010369], [-3.791716002221438, 37.46618585484067], [-3.790983734229412, 37.47289683965428], [-3.78656203326317, 37.47831649601217], [-3.791544379086441, 37.47887803889808], [-3.792543595838161, 37.482467774014346], [-3.790760845139443, 37.482876303655736], [-3.785573899925393, 37.49089692010564], [-3.783310429277023, 37.491876394901176], [-3.781529842619768, 37.490346916119], [-3.77766945306049, 37.49005693860353], [-3.7758297213249, 37.48825734773678], [-3.776239607317689, 37.47648298174379], [-3.770834423591926, 37.47987148106644], [-3.744697290918504, 37.48681756513439], [-3.731965514210764, 37.48847460473949], [-3.730101145280191, 37.48752168705614], [-3.717960847203269, 37.49548306487568], [-3.711517209212404, 37.50312952776019], [-3.708210837638351, 37.50404178673669], [-3.69629378528258, 37.512206866842675], [-3.689946070296077, 37.51345200377526], [-3.684439765015352, 37.51764834780344], [-3.671974587622673, 37.51822473720558], [-3.662907099146, 37.52170113325578], [-3.659106684708366, 37.520640781638335], [-3.652526053636635, 37.523886194959495], [-3.651320156995913, 37.52316275417053], [-3.64944548169407, 37.52492172523486], [-3.643358869231441, 37.526478348167466], [-3.633049177803429, 37.52788613660713], [-3.631114951384801, 37.5293567230246], [-3.627067634093022, 37.528540001936456], [-3.627030963066494, 37.52956774378093], [-3.617150254915873, 37.5350549408222], [-3.612106570328478, 37.53975921064266], [-3.599987443746117, 37.54733865081563], [-3.590869174404749, 37.54812368369285], [-3.591183453600121, 37.550645930588935], [-3.58288749218839, 37.55386891401225], [-3.570675214802717, 37.5617972970049], [-3.558987081927405, 37.56595420918966], [-3.559296871343008, 37.56953112805293], [-3.555250364331651, 37.57358822508157], [-3.536435239638976, 37.58081366295658], [-3.534600448637442, 37.58239933882179], [-3.534554753135591, 37.585509228673885], [-3.537253206909107, 37.58904827782612], [-3.53845304980321, 37.59365771475324], [-3.536157240702964, 37.59733661224484], [-3.531111189054668, 37.599820084866664], [-3.53010958368257, 37.602357314971094], [-3.525532855956224, 37.60560455572377], [-3.506544013257229, 37.61722449690615], [-3.480062108076133, 37.60125488899714], [-3.461159329371272, 37.59841863515072], [-3.458997441113592, 37.59502892619194], [-3.453367418055321, 37.59129195414534], [-3.453271739392687, 37.58858828004976], [-3.449724174656438, 37.58445561976515], [-3.436875056413031, 37.57389471409937], [-3.433792959131084, 37.57554652675911], [-3.424506252978945, 37.56953200597025], [-3.409523698817824, 37.56733131964733], [-3.399303467015682, 37.564049133161866], [-3.385631526108046, 37.56533822303039], [-3.378831473443357, 37.564161301852096], [-3.374454744835222, 37.56751020410149], [-3.36657380867793, 37.56760689789503], [-3.357318769037893, 37.57636928782876], [-3.350992268665142, 37.5748738449186], [-3.344823629237262, 37.57562198875959], [-3.335676409889204, 37.5789201029767], [-3.331317601772617, 37.58183472695677], [-3.325540993422938, 37.58175152292881], [-3.316969233049297, 37.584911411012946], [-3.306486376977208, 37.586245849594924], [-3.30222621106535, 37.58872647984881], [-3.296232327197888, 37.588254818038706], [-3.295651311245219, 37.5902843258936], [-3.290796896298201, 37.594478576656385], [-3.288783107891455, 37.603947727201394], [-3.286754738929372, 37.606800892111764], [-3.28031434834827, 37.61450476176992], [-3.273133494444766, 37.618415321856915], [-3.26111767861173, 37.633350587223845], [-3.262961795922485, 37.635635915634246], [-3.262487027311679, 37.639206323805624], [-3.233534307738228, 37.638013771819764], [-3.225796530697877, 37.639245492897494], [-3.215745564851515, 37.64418549286531], [-3.186387280181773, 37.64448739556208], [-3.172055409018575, 37.64286851009289], [-3.152255083089237, 37.62746434906888], [-3.147832148736075, 37.62591959084876], [-3.132160471767685, 37.614076141726926], [-3.116151831346308, 37.608008683180664], [-3.099731325943577, 37.605490616904746], [-3.099421011013522, 37.602155855679214], [-3.091290783381775, 37.59619531158766], [-3.08819745536215, 37.59553963114118], [-3.083826924231119, 37.59748065563676], [-3.083602307680872, 37.599229419772584], [-3.076499255965814, 37.59929721802926], [-3.076036918241922, 37.6013616111303], [-3.073467177777228, 37.60340029396613], [-3.070872465944267, 37.60304129574985], [-3.06875378395676, 37.60294334485454], [-3.069094910202776, 37.60432226565877], [-3.066160520208065, 37.60420671504276], [-3.066342737175193, 37.605297242189046], [-3.061232894362028, 37.605002457189286], [-3.0612909030715, 37.60666092822083], [-3.057925938882995, 37.60663555959507], [-3.055289320642032, 37.61102635363885], [-3.056378842334391, 37.613369413721536], [-3.052096852751018, 37.61487655514738], [-3.050966143302929, 37.61835622478512], [-3.047997256204656, 37.61835742588193], [-3.043497133212471, 37.61587140279385], [-3.040382300423286, 37.61799963407488], [-3.036993849781652, 37.617405772565476], [-3.035079448283034, 37.61860512891882], [-3.034908807904971, 37.61711797186513], [-3.030987406568248, 37.615424476027826], [-3.029605307181074, 37.6161098067548], [-3.028698053659943, 37.614063932243766], [-3.026432428851484, 37.6156508031291], [-3.024154101864954, 37.61324466622101], [-3.02453879819888, 37.61162212768146], [-3.021740168796469, 37.611595605796765], [-3.021467751093253, 37.610018258228], [-3.011168309442636, 37.608000410969034], [-3.003430111092496, 37.6081269100927], [-3.001843945015485, 37.60566618580589], [-2.995658248377045, 37.603124174219595], [-2.99014085878402, 37.6039439296334], [-2.98323072027623, 37.60144625295869], [-2.979378390401686, 37.60321221879244], [-2.978177633022675, 37.60275229006303], [-2.976375069081979, 37.6066637876794], [-2.984406100248463, 37.6142546946929], [-2.978456702750532, 37.61687655268035], [-2.973990194716214, 37.62290558283856], [-2.974624269661212, 37.624392974179045], [-2.973388757362164, 37.62525796684466], [-2.975121989329195, 37.62707911998009], [-2.976049509741543, 37.63266771187323], [-2.977919143697966, 37.633984076572254], [-2.938147378947223, 37.649940640818365], [-2.919602446830761, 37.65961829511963], [-2.902202648410964, 37.66570672007686], [-2.891205097206988, 37.6730245771221], [-2.884037003872089, 37.68131879018469], [-2.898911505077596, 37.684793998182826], [-2.901525495654878, 37.68929390367924], [-2.902395393633262, 37.700687387026456], [-2.904124296618944, 37.705925566123874], [-2.902817028691635, 37.70797048907458], [-2.904096561134589, 37.709891373765565], [-2.900720852196974, 37.723155963242846], [-2.90132023600236, 37.72472477916743], [-2.904769436113301, 37.72509725566986], [-2.907147355722106, 37.72918218158641], [-2.906302700403218, 37.73314731492355], [-2.902425268006362, 37.738948542069046], [-2.903783008676211, 37.751171536955006], [-2.898621343850944, 37.75716988307389], [-2.890055324610223, 37.76146126611968], [-2.880294057358132, 37.759946334755696], [-2.874837065993248, 37.77814711825077], [-2.876009423134562, 37.783367001029], [-2.873156601065963, 37.791493768084585], [-2.859446362282817, 37.80441179074075], [-2.856959486013169, 37.809888734897505], [-2.84736299942863, 37.81390541619682], [-2.843549059956046, 37.81773094192081], [-2.840587194090049, 37.82140427126456], [-2.839583116554271, 37.82866747408847], [-2.835091617388799, 37.83000416776801], [-2.832874769303695, 37.835517023680545], [-2.828893444947601, 37.83716970189637], [-2.830354403840262, 37.83940709264797], [-2.8272070017321, 37.84400819022602], [-2.823451565042465, 37.84600346096913], [-2.81972955376619, 37.85292885997287], [-2.819836006822317, 37.85592140221317], [-2.821615874827363, 37.857934038611006], [-2.820115538284203, 37.86727832715112], [-2.817772523614122, 37.872313028211885], [-2.819605237710682, 37.876137388789985], [-2.814471902156133, 37.87821138294661], [-2.810571040798381, 37.87844851502973], [-2.806243603648193, 37.88093803461928], [-2.799487193834926, 37.89003888914865], [-2.795825994011853, 37.90218214362549], [-2.789054032564468, 37.907614058259995], [-2.784611260714906, 37.91764653167381], [-2.773197607176383, 37.92593506298137], [-2.768621891851296, 37.922807611057195], [-2.767449420623934, 37.91935329780434], [-2.759356562908041, 37.923987730570694], [-2.754771223033014, 37.927430201853426], [-2.752482921153615, 37.931210900661846], [-2.743147643992381, 37.93577845886308], [-2.73667703857663, 37.94732784079639], [-2.734212356982781, 37.94907981559013], [-2.731299451096392, 37.948847850581366], [-2.728066079317259, 37.95530273720286], [-2.724182597665324, 37.955825482626906], [-2.722860148209707, 37.962455908744424], [-2.718734453807704, 37.96369893222245], [-2.715563946132141, 37.96223119167442], [-2.71022535631491, 37.96793237325111], [-2.706095130810664, 37.96732727208349], [-2.702674227631106, 37.971527699970764], [-2.694259835925513, 37.9744533527496], [-2.691454382021881, 37.97281469224151], [-2.689730972234143, 37.97381961525567], [-2.682029049651761, 37.967084396810606], [-2.678508160387819, 37.96517305918227], [-2.6744678885828, 37.964909578187786], [-2.669827208893043, 37.9614356629179], [-2.66067670440599, 37.96596116789686], [-2.655700338667533, 37.966262165260126], [-2.642525211027756, 37.98107620223538], [-2.638290080264596, 37.98325338614184], [-2.628786904383493, 37.98452162522373], [-2.624868048872321, 37.98707787314906], [-2.620329900194083, 37.98821696160988], [-2.609683601944329, 37.99658216970869], [-2.605702706982989, 37.997722539852305], [-2.604064932692929, 37.99942045575872], [-2.604532713309148, 38.00139585985561], [-2.599428160674675, 38.00383908860599], [-2.597712604857407, 38.00721307471659], [-2.599941278364907, 38.043623629882376], [-2.595854428912461, 38.05319030160404], [-2.598958454968821, 38.05877081572235], [-2.606724882876796, 38.06018504261243], [-2.606626950341131, 38.06144652175286], [-2.593965899792336, 38.064945488732775], [-2.594275042420949, 38.06676712302107], [-2.591432454858407, 38.06953324280162], [-2.586789222156608, 38.0701118461169], [-2.585532836603592, 38.072540874667084], [-2.581703287106357, 38.072338034981385], [-2.580632123385156, 38.074244936920394], [-2.57739906691467, 38.073395171588736], [-2.573403683924389, 38.07426399501055], [-2.573087603606868, 38.075677853841576], [-2.571353954821471, 38.07578867704683], [-2.572995279253552, 38.077831548770575], [-2.569945847410285, 38.078721702143326], [-2.565379348800034, 38.08354477610886], [-2.557854214665558, 38.08154290293747], [-2.555713705413295, 38.082904751716114], [-2.553047964689126, 38.082507098824856], [-2.551293684296664, 38.08409567660903], [-2.549750278027263, 38.08289109868567]]]]}}]}